Workbook

Sheet EWG-CCP-125 (1)
A1: Ref. | B1: Glass ID | C1: Composition (mol%) | AC1: N4 | AE1: sum | AF1: Glass sample preperation details
C2: Al2O3 | D2: B2O3 | E2: CaO | F2: Cr2O3 | G2: Fe2O3 | H2: K2O | I2: Li2O | J2: MgO | K2: Na2O | L2: P2O5 | M2: SiO2 | N2: SO3 | O2: TiO2 | P2: ZnO | Q2: ZrO2 | R2: BaO | S2: Bi2O3 | T2: Cs2O | U2: HfO2 | V2: La2O3 | W2: PbO | X2: SrO | Y2: TeO2 | Z2: Rb2O | AA2: UO3 | AB2: Y2O3 | AC2: % | AD2: Method | AF2: Cooling rate | AG2: Annealing | AH2: Sample form | AI2: Pressure | AJ2: Note
A3: Yu, Yang, Baltzar Stevensson, and Mattias Edén. "Medium-range structural organization of phosphorus-bearing borosilicate glasses revealed by advanced solid-state NMR experiments and MD simulations: consequences of B/Si substitutions." The Journal of Physical Chemistry B 121.41 (2017): 9737-9752. | B3: S462.6(5) | C3: 0 | D3: 4.6 | E3: 26.7 | F3: 0 | G3: 0 | H3: 0 | I3: 0 | J3: 0 | K3: 24.6 | L3: 2.6 | M3: 41.5 | N3: 0 | O3: 0 | P3: 0 | Q3: 0 | R3: 0 | S3: 0 | T3: 0 | U3: 0 | V3: 0 | W3: 0 | X3: 0 | Y3: 0 | Z3: 0 | AA3: 0 | AB3: 0 | AC3: 16.9 | AD3: NMR | AE3: =SUM(C3:AB3) -> 100 | AF3: Water quench | AH3: Powder | AI3: Atm.
B4: S462.6(9) | C4: 0 | D4: 9.2 | E4: 26.7 | F4: 0 | G4: 0 | H4: 0 | I4: 0 | J4: 0 | K4: 24.6 | L4: 2.6 | M4: 36.9 | N4: 0 | O4: 0 | P4: 0 | Q4: 0 | R4: 0 | S4: 0 | T4: 0 | U4: 0 | V4: 0 | W4: 0 | X4: 0 | Y4: 0 | Z4: 0 | AA4: 0 | AB4: 0 | AC4: 26 | AD4: NMR | AE4: =SUM(C4:AB4) -> 100
B5: S462.6(14) | C5: 0 | D5: 13.8 | E5: 26.7 | F5: 0 | G5: 0 | H5: 0 | I5: 0 | J5: 0 | K5: 24.6 | L5: 2.6 | M5: 32.2 | N5: 0 | O5: 0 | P5: 0 | Q5: 0 | R5: 0 | S5: 0 | T5: 0 | U5: 0 | V5: 0 | W5: 0 | X5: 0 | Y5: 0 | Z5: 0 | AA5: 0 | AB5: 0 | AC5: 29.5 | AD5: NMR | AE5: =SUM(C5:AB5) -> 99.9
B6: S462.6(18) | C6: 0 | D6: 18.4 | E6: 26.7 | F6: 0 | G6: 0 | H6: 0 | I6: 0 | J6: 0 | K6: 24.6 | L6: 2.6 | M6: 27.7 | N6: 0 | O6: 0 | P6: 0 | Q6: 0 | R6: 0 | S6: 0 | T6: 0 | U6: 0 | V6: 0 | W6: 0 | X6: 0 | Y6: 0 | Z6: 0 | AA6: 0 | AB6: 0 | AC6: 31.6 | AD6: NMR | AE6: =SUM(C6:AB6) -> 100
B7: S462.6(28) | C7: 0 | D7: 27.7 | E7: 26.7 | F7: 0 | G7: 0 | H7: 0 | I7: 0 | J7: 0 | K7: 24.6 | L7: 2.6 | M7: 18.4 | N7: 0 | O7: 0 | P7: 0 | Q7: 0 | R7: 0 | S7: 0 | T7: 0 | U7: 0 | V7: 0 | W7: 0 | X7: 0 | Y7: 0 | Z7: 0 | AA7: 0 | AB7: 0 | AC7: 33.5 | AD7: NMR | AE7: =SUM(C7:AB7) -> 100
B8: S462.6(37) | C8: 0 | D8: 36.9 | E8: 26.7 | F8: 0 | G8: 0 | H8: 0 | I8: 0 | J8: 0 | K8: 24.6 | L8: 2.6 | M8: 9.2 | N8: 0 | O8: 0 | P8: 0 | Q8: 0 | R8: 0 | S8: 0 | T8: 0 | U8: 0 | V8: 0 | W8: 0 | X8: 0 | Y8: 0 | Z8: 0 | AA8: 0 | AB8: 0 | AC8: 34 | AD8: NMR | AE8: =SUM(C8:AB8) -> 100
B9: S462.6(46) | C9: 0 | D9: 46.1 | E9: 26.7 | F9: 0 | G9: 0 | H9: 0 | I9: 0 | J9: 0 | K9: 24.6 | L9: 2.6 | M9: 0 | N9: 0 | O9: 0 | P9: 0 | Q9: 0 | R9: 0 | S9: 0 | T9: 0 | U9: 0 | V9: 0 | W9: 0 | X9: 0 | Y9: 0 | Z9: 0 | AA9: 0 | AB9: 0 | AC9: 33.4 | AD9: NMR | AE9: =SUM(C9:AB9) -> 100
B10: S464.0(2) | C10: 0 | D10: 2.4 | E10: 23.3 | F10: 0 | G10: 0 | H10: 0 | I10: 0 | J10: 0 | K10: 24.1 | L10: 4 | M10: 46.2 | N10: 0 | O10: 0 | P10: 0 | Q10: 0 | R10: 0 | S10: 0 | T10: 0 | U10: 0 | V10: 0 | W10: 0 | X10: 0 | Y10: 0 | Z10: 0 | AA10: 0 | AB10: 0 | AC10: 36.5 | AD10: NMR | AE10: =SUM(C10:AB10) -> 100
B11: S464.0(5) | C11: 0 | D11: 4.9 | E11: 23.3 | F11: 0 | G11: 0 | H11: 0 | I11: 0 | J11: 0 | K11: 24.1 | L11: 4 | M11: 43.7 | N11: 0 | O11: 0 | P11: 0 | Q11: 0 | R11: 0 | S11: 0 | T11: 0 | U11: 0 | V11: 0 | W11: 0 | X11: 0 | Y11: 0 | Z11: 0 | AA11: 0 | AB11: 0 | AC11: 38.8 | AD11: NMR | AE11: =SUM(C11:AB11) -> 100
B12: S464.0(7) | C12: 0 | D12: 7.3 | E12: 23.3 | F12: 0 | G12: 0 | H12: 0 | I12: 0 | J12: 0 | K12: 24.1 | L12: 4 | M12: 41.3 | N12: 0 | O12: 0 | P12: 0 | Q12: 0 | R12: 0 | S12: 0 | T12: 0 | U12: 0 | V12: 0 | W12: 0 | X12: 0 | Y12: 0 | Z12: 0 | AA12: 0 | AB12: 0 | AC12: 41.1 | AD12: NMR | AE12: =SUM(C12:AB12) -> 100
B13: S464.0(10) | C13: 0 | D13: 9.7 | E13: 23.3 | F13: 0 | G13: 0 | H13: 0 | I13: 0 | J13: 0 | K13: 24.1 | L13: 4 | M13: 38.9 | N13: 0 | O13: 0 | P13: 0 | Q13: 0 | R13: 0 | S13: 0 | T13: 0 | U13: 0 | V13: 0 | W13: 0 | X13: 0 | Y13: 0 | Z13: 0 | AA13: 0 | AB13: 0 | AC13: 42.4 | AD13: NMR | AE13: =SUM(C13:AB13) -> 100
B14: S464.0(15) | C14: 0 | D14: 14.6 | E14: 23.3 | F14: 0 | G14: 0 | H14: 0 | I14: 0 | J14: 0 | K14: 24.1 | L14: 4 | M14: 34 | N14: 0 | O14: 0 | P14: 0 | Q14: 0 | R14: 0 | S14: 0 | T14: 0 | U14: 0 | V14: 0 | W14: 0 | X14: 0 | Y14: 0 | Z14: 0 | AA14: 0 | AB14: 0 | AC14: 43.2 | AD14: NMR | AE14: =SUM(C14:AB14) -> 100
B15: S464.0(19) | C15: 0 | D15: 19.4 | E15: 23.3 | F15: 0 | G15: 0 | H15: 0 | I15: 0 | J15: 0 | K15: 24.1 | L15: 4 | M15: 29.2 | N15: 0 | O15: 0 | P15: 0 | Q15: 0 | R15: 0 | S15: 0 | T15: 0 | U15: 0 | V15: 0 | W15: 0 | X15: 0 | Y15: 0 | Z15: 0 | AA15: 0 | AB15: 0 | AC15: 43.3 | AD15: NMR | AE15: =SUM(C15:AB15) -> 100
... B17: S464.0(39) | C17: 0 | D17: 38.9 | E17: 23.3 | F17: 0 | G17: 0 | H17: 0 | I17: 0 | J17: 0 | K17: 24.1 | L17: 4 | M17: 9.7 | N17: 0 | O17: 0 | P17: 0 | Q17: 0 | R17: 0 | S17: 0 | T17: 0 | U17: 0 | V17: 0 | W17: 0 | X17: 0 | Y17: 0 | Z17: 0 | AA17: 0 | AB17: 0 | AC17: 41.9 | AD17: NMR | AE17: =SUM(C17:AB17) -> 100
A18: Stevensson, Baltzar, Yang Yu, and Mattias Edén. "Structure–composition trends in multicomponent borosilicate-based glasses deduced from molecular dynamics simulations with improved B–O and P–O force fields." Physical Chemistry Chemical Physics 20.12 (2018): 8192-8209. | B18: BN0.11 | C18: 0 | D18: 90 | E18: 0 | F18: 0 | G18: 0 | H18: 0 | I18: 0 | J18: 0 | K18: 10 | L18: 0 | M18: 0 | N18: 0 | O18: 0 | P18: 0 | Q18: 0 | R18: 0 | S18: 0 | T18: 0 | U18: 0 | V18: 0 | W18: 0 | X18: 0 | Y18: 0 | Z18: 0 | AA18: 0 | AB18: 0 | AC18: 11.6 | AD18: NMR | AE18: =SUM(C18:AB18) -> 100 | AF18: Water quench | AH18: Powder | AI18: Atm.
B19: BN0.20 | C19: 0 | D19: 83 | E19: 0 | F19: 0 | G19: 0 | H19: 0 | I19: 0 | J19: 0 | K19: 17 | L19: 0 | M19: 0 | N19: 0 | O19: 0 | P19: 0 | Q19: 0 | R19: 0 | S19: 0 | T19: 0 | U19: 0 | V19: 0 | W19: 0 | X19: 0 | Y19: 0 | Z19: 0 | AA19: 0 | AB19: 0 | AC19: 22.5 | AD19: NMR | AE19: =SUM(C19:AB19) -> 100
B20: BN0.25 | C20: 0 | D20: 80 | E20: 0 | F20: 0 | G20: 0 | H20: 0 | I20: 0 | J20: 0 | K20: 20 | L20: 0 | M20: 0 | N20: 0 | O20: 0 | P20: 0 | Q20: 0 | R20: 0 | S20: 0 | T20: 0 | U20: 0 | V20: 0 | W20: 0 | X20: 0 | Y20: 0 | Z20: 0 | AA20: 0 | AB20: 0 | AC20: 32 | AD20: NMR | AE20: =SUM(C20:AB20) -> 100
B21: BN0.50 | C21: 0 | D21: 66.7 | E21: 0 | F21: 0 | G21: 0 | H21: 0 | I21: 0 | J21: 0 | K21: 33.3 | L21: 0 | M21: 0 | N21: 0 | O21: 0 | P21: 0 | Q21: 0 | R21: 0 | S21: 0 | T21: 0 | U21: 0 | V21: 0 | W21: 0 | X21: 0 | Y21: 0 | Z21: 0 | AA21: 0 | AB21: 0 | AC21: 43 | AD21: NMR | AE21: =SUM(C21:AB21) -> 100
B22: BN0.67 | C22: 0 | D22: 60 | E22: 0 | F22: 0 | G22: 0 | H22: 0 | I22: 0 | J22: 0 | K22: 40 | L22: 0 | M22: 0 | N22: 0 | O22: 0 | P22: 0 | Q22: 0 | R22: 0 | S22: 0 | T22: 0 | U22: 0 | V22: 0 | W22: 0 | X22: 0 | Y22: 0 | Z22: 0 | AA22: 0 | AB22: 0 | AC22: 43.8 | AD22: NMR | AE22: =SUM(C22:AB22) -> 100
B23: NBS2-0.25(33) | C23: 0 | D23: 30.8 | E23: 0 | F23: 0 | G23: 0 | H23: 0 | I23: 0 | J23: 0 | K23: 7.7 | L23: 0 | M23: 61.5 | N23: 0 | O23: 0 | P23: 0 | Q23: 0 | R23: 0 | S23: 0 | T23: 0 | U23: 0 | V23: 0 | W23: 0 | X23: 0 | Y23: 0 | Z23: 0 | AA23: 0 | AB23: 0 | AC23: 23 | AD23: NMR | AE23: =SUM(C23:AB23) -> 100
B24: NBS2-0.50(33) | C24: 0 | D24: 28.6 | E24: 0 | F24: 0 | G24: 0 | H24: 0 | I24: 0 | J24: 0 | K24: 14.3 | L24: 0 | M24: 57.1 | N24: 0 | O24: 0 | P24: 0 | Q24: 0 | R24: 0 | S24: 0 | T24: 0 | U24: 0 | V24: 0 | W24: 0 | X24: 0 | Y24: 0 | Z24: 0 | AA24: 0 | AB24: 0 | AC24: 45 | AD24: NMR | AE24: =SUM(C24:AB24) -> 100
B25: NBS2-0.75(33) | C25: 0 | D25: 26.7 | E25: 0 | F25: 0 | G25: 0 | H25: 0 | I25: 0 | J25: 0 | K25: 20 | L25: 0 | M25: 53.3 | N25: 0 | O25: 0 | P25: 0 | Q25: 0 | R25: 0 | S25: 0 | T25: 0 | U25: 0 | V25: 0 | W25: 0 | X25: 0 | Y25: 0 | Z25: 0 | AA25: 0 | AB25: 0 | AC25: 58.1 | AD25: NMR | AE25: =SUM(C25:AB25) -> 100
B26: NBS2-2.50(33) | C26: 0 | D26: 18.2 | E26: 0 | F26: 0 | G26: 0 | H26: 0 | I26: 0 | J26: 0 | K26: 45.4 | L26: 0 | M26: 36.4 | N26: 0 | O26: 0 | P26: 0 | Q26: 0 | R26: 0 | S26: 0 | T26: 0 | U26: 0 | V26: 0 | W26: 0 | X26: 0 | Y26: 0 | Z26: 0 | AA26: 0 | AB26: 0 | AC26: 35 | AD26: NMR | AE26: =SUM(C26:AB26) -> 100
B27: NBS0.5-0.50(67) | C27: 0 | D27: 50 | E27: 0 | F27: 0 | G27: 0 | H27: 0 | I27: 0 | J27: 0 | K27: 25 | L27: 0 | M27: 25 | N27: 0 | O27: 0 | P27: 0 | Q27: 0 | R27: 0 | S27: 0 | T27: 0 | U27: 0 | V27: 0 | W27: 0 | X27: 0 | Y27: 0 | Z27: 0 | AA27: 0 | AB27: 0 | AC27: 42 | AD27: NMR | AE27: =SUM(C27:AB27) -> 100
B28: NBS5.10-1.31(16) | C28: 0 | D28: 13.5 | E28: 0 | F28: 0 | G28: 0 | H28: 0 | I28: 0 | J28: 0 | K28: 17.7 | L28: 0 | M28: 68.8 | N28: 0 | O28: 0 | P28: 0 | Q28: 0 | R28: 0 | S28: 0 | T28: 0 | U28: 0 | V28: 0 | W28: 0 | X28: 0 | Y28: 0 | Z28: 0 | AA28: 0 | AB28: 0 | AC28: 83 | AD28: NMR | AE28: =SUM(C28:AB28) -> 100
B29: NBS4-4.00(20) | C29: 0 | D29: 11 | E29: 0 | F29: 0 | G29: 0 | H29: 0 | I29: 0 | J29: 0 | K29: 44.5 | L29: 0 | M29: 44.5 | N29: 0 | O29: 0 | P29: 0 | Q29: 0 | R29: 0 | S29: 0 | T29: 0 | U29: 0 | V29: 0 | W29: 0 | X29: 0 | Y29: 0 | Z29: 0 | AA29: 0 | AB29: 0 | AC29: 38 | AD29: NMR | AE29: =SUM(C29:AB29) -> 100
B30: NCBPS(10) | C30: 0 | D30: 4.9 | E30: 23.3 | F30: 0 | G30: 0 | H30: 0 | I30: 0 | J30: 0 | K30: 24.1 | L30: 4 | M30: 43.7 | N30: 0 | O30: 0 | P30: 0 | Q30: 0 | R30: 0 | S30: 0 | T30: 0 | U30: 0 | V30: 0 | W30: 0 | X30: 0 | Y30: 0 | Z30: 0 | AA30: 0 | AB30: 0 | AC30: 38.8 | AD30: NMR | AE30: =SUM(C30:AB30) -> 100
... B34: NCBPS(80) | C34: 0 | D34: 38.9 | E34: 23.3 | F34: 0 | G34: 0 | H34: 0 | I34: 0 | J34: 0 | K34: 24.1 | L34: 4 | M34: 9.7 | N34: 0 | O34: 0 | P34: 0 | Q34: 0 | R34: 0 | S34: 0 | T34: 0 | U34: 0 | V34: 0 | W34: 0 | X34: 0 | Y34: 0 | Z34: 0 | AA34: 0 | AB34: 0 | AC34: 41.9 | AD34: NMR | AE34: =SUM(C34:AB34) -> 100
A35: Angeli, Frédéric, et al. "Boron speciation in soda‐lime borosilicate glasses containing zirconium." Journal of the American Ceramic Society 93.9 (2010): 2693-2704. | B35: 0Zr10Na | C35: 0 | D35: 17 | E35: 4 | F35: 0 | G35: 0 | H35: 0 | I35: 0 | J35: 0 | K35: 10 | L35: 0 | M35: 69 | N35: 0 | O35: 0 | P35: 0 | Q35: 0 | R35: 0 | S35: 0 | T35: 0 | U35: 0 | V35: 0 | W35: 0 | X35: 0 | Y35: 0 | Z35: 0 | AA35: 0 | AB35: 0 | AC35: 61 | AD35: NMR | AE35: =SUM(C35:AB35) -> 100 | AF35: Air quench | AH35: Powder | AI35: Atm.
B36: 4Zr10Na | C36: 0 | D36: 18 | E36: 4 | F36: 0 | G36: 0 | H36: 0 | I36: 0 | J36: 0 | K36: 10 | L36: 0 | M36: 65 | N36: 0 | O36: 0 | P36: 0 | Q36: 4 | R36: 0 | S36: 0 | T36: 0 | U36: 0 | V36: 0 | W36: 0 | X36: 0 | Y36: 0 | Z36: 0 | AA36: 0 | AB36: 0 | AC36: 47 | AD36: NMR | AE36: =SUM(C36:AB36) -> 101
B37: 0Ca | C37: 0 | D37: 17 | E37: 0 | F37: 0 | G37: 0 | H37: 0 | I37: 0 | J37: 0 | K37: 18 | L37: 0 | M37: 63 | N37: 0 | O37: 0 | P37: 0 | Q37: 2 | R37: 0 | S37: 0 | T37: 0 | U37: 0 | V37: 0 | W37: 0 | X37: 0 | Y37: 0 | Z37: 0 | AA37: 0 | AB37: 0 | AC37: 73 | AD37: NMR | AE37: =SUM(C37:AB37) -> 100
B38: 3Ca | C38: 0 | D38: 16 | E38: 3 | F38: 0 | G38: 0 | H38: 0 | I38: 0 | J38: 0 | K38: 16 | L38: 0 | M38: 63 | N38: 0 | O38: 0 | P38: 0 | Q38: 2 | R38: 0 | S38: 0 | T38: 0 | U38: 0 | V38: 0 | W38: 0 | X38: 0 | Y38: 0 | Z38: 0 | AA38: 0 | AB38: 0 | AC38: 67 | AD38: NMR | AE38: =SUM(C38:AB38) -> 100
B39: 6Ca | C39: 0 | D39: 17 | E39: 6 | F39: 0 | G39: 0 | H39: 0 | I39: 0 | J39: 0 | K39: 13 | L39: 0 | M39: 62 | N39: 0 | O39: 0 | P39: 0 | Q39: 2 | R39: 0 | S39: 0 | T39: 0 | U39: 0 | V39: 0 | W39: 0 | X39: 0 | Y39: 0 | Z39: 0 | AA39: 0 | AB39: 0 | AC39: 61 | AD39: NMR | AE39: =SUM(C39:AB39) -> 100
B40: 9Ca | C40: 0 | D40: 17 | E40: 9 | F40: 0 | G40: 0 | H40: 0 | I40: 0 | J40: 0 | K40: 10 | L40: 0 | M40: 62 | N40: 0 | O40: 0 | P40: 0 | Q40: 2 | R40: 0 | S40: 0 | T40: 0 | U40: 0 | V40: 0 | W40: 0 | X40: 0 | Y40: 0 | Z40: 0 | AA40: 0 | AB40: 0 | AC40: 51 | AD40: NMR | AE40: =SUM(C40:AB40) -> 100
B41: 0Zr | C41: 0 | D41: 17 | E41: 4 | F41: 0 | G41: 0 | H41: 0 | I41: 0 | J41: 0 | K41: 18 | L41: 0 | M41: 61 | N41: 0 | O41: 0 | P41: 0 | Q41: 0 | R41: 0 | S41: 0 | T41: 0 | U41: 0 | V41: 0 | W41: 0 | X41: 0 | Y41: 0 | Z41: 0 | AA41: 0 | AB41: 0 | AC41: 73 | AD41: NMR | AE41: =SUM(C41:AB41) -> 100
B42: 1Zr | C42: 0 | D42: 17 | E42: 4 | F42: 0 | G42: 0 | H42: 0 | I42: 0 | J42: 0 | K42: 18 | L42: 0 | M42: 60 | N42: 0 | O42: 0 | P42: 0 | Q42: 1 | R42: 0 | S42: 0 | T42: 0 | U42: 0 | V42: 0 | W42: 0 | X42: 0 | Y42: 0 | Z42: 0 | AA42: 0 | AB42: 0 | AC42: 71 | AD42: NMR | AE42: =SUM(C42:AB42) -> 100
B43: 2Zr | C43: 0 | D43: 18 | E43: 4 | F43: 0 | G43: 0 | H43: 0 | I43: 0 | J43: 0 | K43: 18 | L43: 0 | M43: 59 | N43: 0 | O43: 0 | P43: 0 | Q43: 2 | R43: 0 | S43: 0 | T43: 0 | U43: 0 | V43: 0 | W43: 0 | X43: 0 | Y43: 0 | Z43: 0 | AA43: 0 | AB43: 0 | AC43: 68 | AD43: NMR | AE43: =SUM(C43:AB43) -> 101
B44: 4Zr | C44: 0 | D44: 18 | E44: 4 | F44: 0 | G44: 0 | H44: 0 | I44: 0 | J44: 0 | K44: 18 | L44: 0 | M44: 57 | N44: 0 | O44: 0 | P44: 0 | Q44: 4 | R44: 0 | S44: 0 | T44: 0 | U44: 0 | V44: 0 | W44: 0 | X44: 0 | Y44: 0 | Z44: 0 | AA44: 0 | AB44: 0 | AC44: 64 | AD44: NMR | AE44: =SUM(C44:AB44) -> 101
B45: 6Zr | C45: 0 | D45: 17 | E45: 4 | F45: 0 | G45: 0 | H45: 0 | I45: 0 | J45: 0 | K45: 18 | L45: 0 | M45: 55 | N45: 0 | O45: 0 | P45: 0 | Q45: 6 | R45: 0 | S45: 0 | T45: 0 | U45: 0 | V45: 0 | W45: 0 | X45: 0 | Y45: 0 | Z45: 0 | AA45: 0 | AB45: 0 | AC45: 56 | AD45: NMR | AE45: =SUM(C45:AB45) -> 100
B46: 8Zr | C46: 0 | D46: 18 | E46: 4 | F46: 0 | G46: 0 | H46: 0 | I46: 0 | J46: 0 | K46: 19 | L46: 0 | M46: 51 | N46: 0 | O46: 0 | P46: 0 | Q46: 8 | R46: 0 | S46: 0 | T46: 0 | U46: 0 | V46: 0 | W46: 0 | X46: 0 | Y46: 0 | Z46: 0 | AA46: 0 | AB46: 0 | AC46: 53 | AD46: NMR | AE46: =SUM(C46:AB46) -> 100
A47: Angeli, Frédéric, et al. "Influence of lanthanum on borosilicate glass structure: a multinuclear MAS and MQMAS NMR investigation." Journal of Non-Crystalline Solids 376 (2013): 189-198. | B47: 0Ca0La | C47: 0 | D47: 18 | E47: 0 | F47: 0 | G47: 0 | H47: 0 | I47: 0 | J47: 0 | K47: 20 | L47: 0 | M47: 62 | N47: 0 | O47: 0 | P47: 0 | Q47: 0 | R47: 0 | S47: 0 | T47: 0 | U47: 0 | V47: 0 | W47: 0 | X47: 0 | Y47: 0 | Z47: 0 | AA47: 0 | AB47: 0 | AC47: 71 | AD47: NMR | AE47: =SUM(C47:AB47) -> 100 | AF47: Air quench | AI47: Atm.
B48: 0Ca1La | C48: 0 | D48: 17 | E48: 0 | F48: 0 | G48: 0 | H48: 0 | I48: 0 | J48: 0 | K48: 20 | L48: 0 | M48: 62 | N48: 0 | O48: 0 | P48: 0 | Q48: 0 | R48: 0 | S48: 0 | T48: 0 | U48: 0 | V48: 1 | W48: 0 | X48: 0 | Y48: 0 | Z48: 0 | AA48: 0 | AB48: 0 | AC48: 66 | AD48: NMR | AE48: =SUM(C48:AB48) -> 100
B49: 0Ca2La | C49: 0 | D49: 18 | E49: 0 | F49: 0 | G49: 0 | H49: 0 | I49: 0 | J49: 0 | K49: 18 | L49: 0 | M49: 62 | N49: 0 | O49: 0 | P49: 0 | Q49: 0 | R49: 0 | S49: 0 | T49: 0 | U49: 0 | V49: 2 | W49: 0 | X49: 0 | Y49: 0 | Z49: 0 | AA49: 0 | AB49: 0 | AC49: 62 | AD49: NMR | AE49: =SUM(C49:AB49) -> 100
B50: 0Ca4La | C50: 0 | D50: 18 | E50: 0 | F50: 0 | G50: 0 | H50: 0 | I50: 0 | J50: 0 | K50: 18 | L50: 0 | M50: 60 | N50: 0 | O50: 0 | P50: 0 | Q50: 0 | R50: 0 | S50: 0 | T50: 0 | U50: 0 | V50: 4 | W50: 0 | X50: 0 | Y50: 0 | Z50: 0 | AA50: 0 | AB50: 0 | AC50: 52 | AD50: NMR | AE50: =SUM(C50:AB50) -> 100
B51: 0Ca8La | C51: 0 | D51: 19 | E51: 0 | F51: 0 | G51: 0 | H51: 0 | I51: 0 | J51: 0 | K51: 14 | L51: 0 | M51: 59 | N51: 0 | O51: 0 | P51: 0 | Q51: 0 | R51: 0 | S51: 0 | T51: 0 | U51: 0 | V51: 8 | W51: 0 | X51: 0 | Y51: 0 | Z51: 0 | AA51: 0 | AB51: 0 | AC51: 41 | AD51: NMR | AE51: =SUM(C51:AB51) -> 100
B52: 0Ca10La | C52: 0 | D52: 20 | E52: 0 | F52: 0 | G52: 0 | H52: 0 | I52: 0 | J52: 0 | K52: 12 | L52: 0 | M52: 58 | N52: 0 | O52: 0 | P52: 0 | Q52: 0 | R52: 0 | S52: 0 | T52: 0 | U52: 0 | V52: 10 | W52: 0 | X52: 0 | Y52: 0 | Z52: 0 | AA52: 0 | AB52: 0 | AC52: 35 | AD52: NMR | AE52: =SUM(C52:AB52) -> 100
B53: 4Ca0La | C53: 0 | D53: 18 | E53: 4 | F53: 0 | G53: 0 | H53: 0 | I53: 0 | J53: 0 | K53: 16 | L53: 0 | M53: 62 | N53: 0 | O53: 0 | P53: 0 | Q53: 0 | R53: 0 | S53: 0 | T53: 0 | U53: 0 | V53: 0 | W53: 0 | X53: 0 | Y53: 0 | Z53: 0 | AA53: 0 | AB53: 0 | AC53: 64 | AD53: NMR | AE53: =SUM(C53:AB53) -> 100
B54: 8Ca0La | C54: 0 | D54: 17 | E54: 8 | F54: 0 | G54: 0 | H54: 0 | I54: 0 | J54: 0 | K54: 12 | L54: 0 | M54: 63 | N54: 0 | O54: 0 | P54: 0 | Q54: 0 | R54: 0 | S54: 0 | T54: 0 | U54: 0 | V54: 0 | W54: 0 | X54: 0 | Y54: 0 | Z54: 0 | AA54: 0 | AB54: 0 | AC54: 57 | AD54: NMR | AE54: =SUM(C54:AB54) -> 100
B55: 10Ca0La | C55: 0 | D55: 18 | E55: 10 | F55: 0 | G55: 0 | H55: 0 | I55: 0 | J55: 0 | K55: 10 | L55: 0 | M55: 62 | N55: 0 | O55: 0 | P55: 0 | Q55: 0 | R55: 0 | S55: 0 | T55: 0 | U55: 0 | V55: 0 | W55: 0 | X55: 0 | Y55: 0 | Z55: 0 | AA55: 0 | AB55: 0 | AC55: 53 | AD55: NMR | AE55: =SUM(C55:AB55) -> 100
B56: 17O 12La | C56: 0 | D56: 18 | E56: 12 | F56: 0 | G56: 0 | H56: 0 | I56: 0 | J56: 0 | K56: 14 | L56: 0 | M56: 56 | N56: 0 | O56: 0 | P56: 0 | Q56: 0 | R56: 0 | S56: 0 | T56: 0 | U56: 0 | V56: 0 | W56: 0 | X56: 0 | Y56: 0 | Z56: 0 | AA56: 0 | AB56: 0 | AC56: 57 | AD56: NMR | AE56: =SUM(C56:AB56) -> 100
B57: 17O 5Ca4La | C57: 0 | D57: 17 | E57: 5 | F57: 0 | G57: 0 | H57: 0 | I57: 0 | J57: 0 | K57: 20 | L57: 0 | M57: 55 | N57: 0 | O57: 0 | P57: 0 | Q57: 0 | R57: 0 | S57: 0 | T57: 0 | U57: 0 | V57: 4 | W57: 0 | X57: 0 | Y57: 0 | Z57: 0 | AA57: 0 | AB57: 0 | AC57: 54 | AD57: NMR | AE57: =SUM(C57:AB57) -> 101
A58: Bista, Saurav, et al. "Structural changes in calcium aluminoborosilicate glasses recovered from pressures of 1.5 to 3 GPa: Interactions of two network species with coordination number increases." Journal of Non-Crystalline Solids 478 (2017): 50-57. | B58: CABS5 | C58: 15.09 | D58: 4.94 | E58: 15.29 | F58: 0 | G58: 0 | H58: 0 | I58: 0 | J58: 0 | K58: 0 | L58: 0 | M58: 64.24 | N58: 0 | O58: 0 | P58: 0 | Q58: 0 | R58: 0 | S58: 0 | T58: 0 | U58: 0 | V58: 0 | W58: 0 | X58: 0 | Y58: 0 | Z58: 0 | AA58: 0 | AB58: 0 | AC58: 4 | AD58: NMR | AE58: =SUM(C58:AB58) -> 99.56 | AI58: 0.0001 GPa
B59: CABS10 | C59: 15.11 | D59: 9.76 | E59: 15.38 | F59: 0 | G59: 0 | H59: 0 | I59: 0 | J59: 0 | K59: 0 | L59: 0 | M59: 59.33 | N59: 0 | O59: 0 | P59: 0 | Q59: 0 | R59: 0 | S59: 0 | T59: 0 | U59: 0 | V59: 0 | W59: 0 | X59: 0 | Y59: 0 | Z59: 0 | AA59: 0 | AB59: 0 | AC59: 4 | AD59: NMR | AE59: =SUM(C59:AB59) -> 99.58
B60: CABS20 | C60: 14.96 | D60: 19.15 | E60: 15.28 | F60: 0 | G60: 0 | H60: 0 | I60: 0 | J60: 0 | K60: 0 | L60: 0 | M60: 50.19 | N60: 0 | O60: 0 | P60: 0 | Q60: 0 | R60: 0 | S60: 0 | T60: 0 | U60: 0 | V60: 0 | W60: 0 | X60: 0 | Y60: 0 | Z60: 0 | AA60: 0 | AB60: 0 | AC60: 6 | AD60: NMR | AE60: =SUM(C60:AB60) -> 99.58
B61: CABS25 | C61: 15.04 | D61: 23.5 | E61: 15.38 | F61: 0 | G61: 0 | H61: 0 | I61: 0 | J61: 0 | K61: 0 | L61: 0 | M61: 45.66 | N61: 0 | O61: 0 | P61: 0 | Q61: 0 | R61: 0 | S61: 0 | T61: 0 | U61: 0 | V61: 0 | W61: 0 | X61: 0 | Y61: 0 | Z61: 0 | AA61: 0 | AB61: 0 | AC61: 7 | AD61: NMR | AE61: =SUM(C61:AB61) -> 99.58
A62: Chan, Jerry CC, Marko Bertmer, and Hellmut Eckert. "Site Connectivities in amorphous materials studied by double-resonance NMR of quadrupolar nuclei: high-resolution 11B↔ 27Al spectroscopy of aluminoborate glasses." Journal of the American Chemical Society 121.22 (1999): 5238-5248. | B62: Na-I | C62: 30 | D62: 50 | E62: 0 | F62: 0 | G62: 0 | H62: 0 | I62: 0 | J62: 0 | K62: 20 | L62: 0 | M62: 0 | N62: 0 | O62: 0 | P62: 0 | Q62: 0 | R62: 0 | S62: 0 | T62: 0 | U62: 0 | V62: 0 | W62: 0 | X62: 0 | Y62: 0 | Z62: 0 | AA62: 0 | AB62: 0 | AC62: 2.6 | AD62: NMR | AE62: =SUM(C62:AB62) -> 100 | AF62: Water quench | AI62: Atm.
B63: Ca-I | C63: 25 | D63: 50 | E63: 25 | F63: 0 | G63: 0 | H63: 0 | I63: 0 | J63: 0 | K63: 0 | L63: 0 | M63: 0 | N63: 0 | O63: 0 | P63: 0 | Q63: 0 | R63: 0 | S63: 0 | T63: 0 | U63: 0 | V63: 0 | W63: 0 | X63: 0 | Y63: 0 | Z63: 0 | AA63: 0 | AB63: 0 | AC63: 10.8 | AD63: NMR | AE63: =SUM(C63:AB63) -> 100
B64: Mg-I | C64: 30 | D64: 45 | E64: 0 | F64: 0 | G64: 0 | H64: 0 | I64: 0 | J64: 25 | K64: 0 | L64: 0 | M64: 0 | N64: 0 | O64: 0 | P64: 0 | Q64: 0 | R64: 0 | S64: 0 | T64: 0 | U64: 0 | V64: 0 | W64: 0 | X64: 0 | Y64: 0 | Z64: 0 | AA64: 0 | AB64: 0 | AC64: 8 | AD64: NMR | AE64: =SUM(C64:AB64) -> 100
B65: Na-II | C65: 20 | D65: 40 | E65: 0 | F65: 0 | G65: 0 | H65: 0 | I65: 0 | J65: 0 | K65: 40 | L65: 0 | M65: 0 | N65: 0 | O65: 0 | P65: 0 | Q65: 0 | R65: 0 | S65: 0 | T65: 0 | U65: 0 | V65: 0 | W65: 0 | X65: 0 | Y65: 0 | Z65: 0 | AA65: 0 | AB65: 0 | AC65: 13.7 | AD65: NMR | AE65: =SUM(C65:AB65) -> 100
B66: Ca-II | C66: 20 | D66: 40 | E66: 40 | F66: 0 | G66: 0 | H66: 0 | I66: 0 | J66: 0 | K66: 0 | L66: 0 | M66: 0 | N66: 0 | O66: 0 | P66: 0 | Q66: 0 | R66: 0 | S66: 0 | T66: 0 | U66: 0 | V66: 0 | W66: 0 | X66: 0 | Y66: 0 | Z66: 0 | AA66: 0 | AB66: 0 | AC66: 12 | AD66: NMR | AE66: =SUM(C66:AB66) -> 100
B67: Mg-II | C67: 20 | D67: 40 | E67: 0 | F67: 0 | G67: 0 | H67: 0 | I67: 0 | J67: 40 | K67: 0 | L67: 0 | M67: 0 | N67: 0 | O67: 0 | P67: 0 | Q67: 0 | R67: 0 | S67: 0 | T67: 0 | U67: 0 | V67: 0 | W67: 0 | X67: 0 | Y67: 0 | Z67: 0 | AA67: 0 | AB67: 0 | AC67: 8.9 | AD67: NMR | AE67: =SUM(C67:AB67) -> 100
A68: Du, Lin-Shu, and Jonathan F. Stebbins. "Site preference and Si/B mixing in mixed-alkali borosilicate glasses: a high-resolution 11B and 17O NMR study." Chemistry of materials 15.20 (2003): 3913-3921. | B68: LBS | C68: 0 | D68: 26.7 | E68: 0 | F68: 0 | G68: 0 | H68: 0 | I68: 20 | J68: 0 | K68: 0 | L68: 0 | M68: 53.3 | N68: 0 | O68: 0 | P68: 0 | Q68: 0 | R68: 0 | S68: 0 | T68: 0 | U68: 0 | V68: 0 | W68: 0 | X68: 0 | Y68: 0 | Z68: 0 | AA68: 0 | AB68: 0 | AC68: 45 | AD68: NMR | AE68: =SUM(C68:AB68) -> 100 | AF68: Water quench | AI68: Atm.
B69: NBS | C69: 0 | D69: 27.5 | E69: 0 | F69: 0 | G69: 0 | H69: 0 | I69: 0 | J69: 0 | K69: 17.5 | L69: 0 | M69: 55 | N69: 0 | O69: 0 | P69: 0 | Q69: 0 | R69: 0 | S69: 0 | T69: 0 | U69: 0 | V69: 0 | W69: 0 | X69: 0 | Y69: 0 | Z69: 0 | AA69: 0 | AB69: 0 | AC69: 56.7 | AD69: NMR | AE69: =SUM(C69:AB69) -> 100
B70: LBS | C70: 0 | D70: 26.7 | E70: 0 | F70: 0 | G70: 0 | H70: 20 | I70: 0 | J70: 0 | K70: 0 | L70: 0 | M70: 53.3 | N70: 0 | O70: 0 | P70: 0 | Q70: 0 | R70: 0 | S70: 0 | T70: 0 | U70: 0 | V70: 0 | W70: 0 | X70: 0 | Y70: 0 | Z70: 0 | AA70: 0 | AB70: 0 | AC70: 60 | AD70: NMR | AE70: =SUM(C70:AB70) -> 100
B71: LN-BS | C71: 0 | D71: 27.1 | E71: 0 | F71: 0 | G71: 0 | H71: 0 | I71: 10.2 | J71: 0 | K71: 8.6 | L71: 0 | M71: 54.1 | N71: 0 | O71: 0 | P71: 0 | Q71: 0 | R71: 0 | S71: 0 | T71: 0 | U71: 0 | V71: 0 | W71: 0 | X71: 0 | Y71: 0 | Z71: 0 | AA71: 0 | AB71: 0 | AC71: 55.2 | AD71: NMR | AE71: =SUM(C71:AB71) -> 100
B72: LK-BS | C72: 0 | D72: 26.7 | E72: 0 | F72: 0 | G72: 0 | H72: 10 | I72: 10 | J72: 0 | K72: 0 | L72: 0 | M72: 53.3 | N72: 0 | O72: 0 | P72: 0 | Q72: 0 | R72: 0 | S72: 0 | T72: 0 | U72: 0 | V72: 0 | W72: 0 | X72: 0 | Y72: 0 | Z72: 0 | AA72: 0 | AB72: 0 | AC72: 52.3 | AD72: NMR | AE72: =SUM(C72:AB72) -> 100
B73: NK-BS | C73: 0 | D73: 27.1 | E73: 0 | F73: 0 | G73: 0 | H73: 10.2 | I73: 0 | J73: 0 | K73: 8.6 | L73: 0 | M73: 54.1 | N73: 0 | O73: 0 | P73: 0 | Q73: 0 | R73: 0 | S73: 0 | T73: 0 | U73: 0 | V73: 0 | W73: 0 | X73: 0 | Y73: 0 | Z73: 0 | AA73: 0 | AB73: 0 | AC73: 55.7 | AD73: NMR | AE73: =SUM(C73:AB73) -> 100
A74: Hopf, J., et al. "Glass–water interaction: Effect of high-valence cations on glass structure and chemical durability." Geochimica et cosmochimica Acta 181 (2016): 54-71. | B74: HF-1 | C74: 8 | D74: 16.3 | E74: 0 | F74: 0 | G74: 0 | H74: 0 | I74: 0 | J74: 0 | K74: 19.4 | L74: 0 | M74: 56.3 | N74: 0 | O74: 0 | P74: 0 | Q74: 0 | R74: 0 | S74: 0 | T74: 0 | U74: 0 | V74: 0 | W74: 0 | X74: 0 | Y74: 0 | Z74: 0 | AA74: 0 | AB74: 0 | AC74: 75.5 | AD74: NMR | AE74: =SUM(C74:AB74) -> 100 | AF74: Air quench | AG74: 2h at 570 °C | AH74: Powder | AI74: Atm.
B75: HF-2 | C75: 6.8 | D75: 13.9 | E75: 0 | F75: 0 | G75: 0 | H75: 0 | I75: 0 | J75: 0 | K75: 16.5 | L75: 0 | M75: 48 | N75: 0 | O75: 0 | P75: 0 | Q75: 0 | R75: 0 | S75: 0 | T75: 0 | U75: 14.8 | V75: 0 | W75: 0 | X75: 0 | Y75: 0 | Z75: 0 | AA75: 0 | AB75: 0 | AC75: 72.4 | AD75: NMR | AE75: =SUM(C75:AB75) -> 100
B76: HF-3 | C76: 5.8 | D76: 12 | E76: 0 | F76: 0 | G76: 0 | H76: 0 | I76: 0 | J76: 0 | K76: 14.2 | L76: 0 | M76: 41.2 | N76: 0 | O76: 0 | P76: 0 | Q76: 0 | R76: 0 | S76: 0 | T76: 0 | U76: 26.8 | V76: 0 | W76: 0 | X76: 0 | Y76: 0 | Z76: 0 | AA76: 0 | AB76: 0 | AC76: 69.7 | AD76: NMR | AE76: =SUM(C76:AB76) -> 100
B77: HF-4 | C77: 5 | D77: 10.3 | E77: 0 | F77: 0 | G77: 0 | H77: 0 | I77: 0 | J77: 0 | K77: 12.3 | L77: 0 | M77: 35.7 | N77: 0 | O77: 0 | P77: 0 | Q77: 0 | R77: 0 | S77: 0 | T77: 0 | U77: 36.7 | V77: 0 | W77: 0 | X77: 0 | Y77: 0 | Z77: 0 | AA77: 0 | AB77: 0 | AC77: 65.4 | AD77: NMR | AE77: =SUM(C77:AB77) -> 100
B78: HF-5 | C78: 4.4 | D78: 9 | E78: 0 | F78: 0 | G78: 0 | H78: 0 | I78: 0 | J78: 0 | K78: 10.6 | L78: 0 | M78: 30.9 | N78: 0 | O78: 0 | P78: 0 | Q78: 0 | R78: 0 | S78: 0 | T78: 0 | U78: 45.1 | V78: 0 | W78: 0 | X78: 0 | Y78: 0 | Z78: 0 | AA78: 0 | AB78: 0 | AC78: 60.2 | AD78: NMR | AE78: =SUM(C78:AB78) -> 100
A79: Kapoor, Saurabh, et al. "Structural and Chemical Approach toward Understanding the Aqueous Corrosion of Sodium Aluminoborate Glasses." The Journal of Physical Chemistry B 122.48 (2018): 10913-10927. | B79: AB-0 | C79: 0 | D79: 79.75 | E79: 0 | F79: 0 | G79: 0 | H79: 0 | I79: 0 | J79: 0 | K79: 20.25 | L79: 0 | M79: 0 | N79: 0 | O79: 0 | P79: 0 | Q79: 0 | R79: 0 | S79: 0 | T79: 0 | U79: 0 | V79: 0 | W79: 0 | X79: 0 | Y79: 0 | Z79: 0 | AA79: 0 | AB79: 0 | AC79: 29.5 | AD79: NMR | AE79: =SUM(C79:AB79) -> 100 | AF79: Air quench | AG79: Annealed | AH79: Powder | AI79: Atm.
B80: AB-5 | C80: 5.38 | D80: 74.18 | E80: 0 | F80: 0 | G80: 0 | H80: 0 | I80: 0 | J80: 0 | K80: 20.43 | L80: 0 | M80: 0 | N80: 0 | O80: 0 | P80: 0 | Q80: 0 | R80: 0 | S80: 0 | T80: 0 | U80: 0 | V80: 0 | W80: 0 | X80: 0 | Y80: 0 | Z80: 0 | AA80: 0 | AB80: 0 | AC80: 24.2 | AD80: NMR | AE80: =SUM(C80:AB80) -> 99.99
B81: AB-10 | C81: 10.48 | D81: 69.37 | E81: 0 | F81: 0 | G81: 0 | H81: 0 | I81: 0 | J81: 0 | K81: 20.15 | L81: 0 | M81: 0 | N81: 0 | O81: 0 | P81: 0 | Q81: 0 | R81: 0 | S81: 0 | T81: 0 | U81: 0 | V81: 0 | W81: 0 | X81: 0 | Y81: 0 | Z81: 0 | AA81: 0 | AB81: 0 | AC81: 18.5 | AD81: NMR | AE81: =SUM(C81:AB81) -> 100
B82: AB-15 | C82: 15.34 | D82: 64.66 | E82: 0 | F82: 0 | G82: 0 | H82: 0 | I82: 0 | J82: 0 | K82: 20 | L82: 0 | M82: 0 | N82: 0 | O82: 0 | P82: 0 | Q82: 0 | R82: 0 | S82: 0 | T82: 0 | U82: 0 | V82: 0 | W82: 0 | X82: 0 | Y82: 0 | Z82: 0 | AA82: 0 | AB82: 0 | AC82: 13.6 | AD82: NMR | AE82: =SUM(C82:AB82) -> 100
B83: AB-20 | C83: 20.68 | D83: 59.69 | E83: 0 | F83: 0 | G83: 0 | H83: 0 | I83: 0 | J83: 0 | K83: 19.63 | L83: 0 | M83: 0 | N83: 0 | O83: 0 | P83: 0 | Q83: 0 | R83: 0 | S83: 0 | T83: 0 | U83: 0 | V83: 0 | W83: 0 | X83: 0 | Y83: 0 | Z83: 0 | AA83: 0 | AB83: 0 | AC83: 10 | AD83: NMR | AE83: =SUM(C83:AB83) -> 100
B84: AB-25 | C84: 25.69 | D84: 54.55 | E84: 0 | F84: 0 | G84: 0 | H84: 0 | I84: 0 | J84: 0 | K84: 19.76 | L84: 0 | M84: 0 | N84: 0 | O84: 0 | P84: 0 | Q84: 0 | R84: 0 | S84: 0 | T84: 0 | U84: 0 | V84: 0 | W84: 0 | X84: 0 | Y84: 0 | Z84: 0 | AA84: 0 | AB84: 0 | AC84: 8 | AD84: NMR | AE84: =SUM(C84:AB84) -> 100
B85: NB-15 | C85: 20.47 | D85: 64.52 | E85: 0 | F85: 0 | G85: 0 | H85: 0 | I85: 0 | J85: 0 | K85: 15.01 | L85: 0 | M85: 0 | N85: 0 | O85: 0 | P85: 0 | Q85: 0 | R85: 0 | S85: 0 | T85: 0 | U85: 0 | V85: 0 | W85: 0 | X85: 0 | Y85: 0 | Z85: 0 | AA85: 0 | AB85: 0 | AC85: 9.4 | AD85: NMR | AE85: =SUM(C85:AB85) -> 100
B86: NB-25 | C86: 20.6 | D86: 54.04 | E86: 0 | F86: 0 | G86: 0 | H86: 0 | I86: 0 | J86: 0 | K86: 25.36 | L86: 0 | M86: 0 | N86: 0 | O86: 0 | P86: 0 | Q86: 0 | R86: 0 | S86: 0 | T86: 0 | U86: 0 | V86: 0 | W86: 0 | X86: 0 | Y86: 0 | Z86: 0 | AA86: 0 | AB86: 0 | AC86: 13.1 | AD86: NMR | AE86: =SUM(C86:AB86) -> 100
B87: NB-30 | C87: 20.19 | D87: 49.7 | E87: 0 | F87: 0 | G87: 0 | H87: 0 | I87: 0 | J87: 0 | K87: 30.11 | L87: 0 | M87: 0 | N87: 0 | O87: 0 | P87: 0 | Q87: 0 | R87: 0 | S87: 0 | T87: 0 | U87: 0 | V87: 0 | W87: 0 | X87: 0 | Y87: 0 | Z87: 0 | AA87: 0 | AB87: 0 | AC87: 19.4 | AD87: NMR | AE87: =SUM(C87:AB87) -> 100
B88: NB-35 | C88: 20.23 | D88: 44.82 | E88: 0 | F88: 0 | G88: 0 | H88: 0 | I88: 0 | J88: 0 | K88: 34.95 | L88: 0 | M88: 0 | N88: 0 | O88: 0 | P88: 0 | Q88: 0 | R88: 0 | S88: 0 | T88: 0 | U88: 0 | V88: 0 | W88: 0 | X88: 0 | Y88: 0 | Z88: 0 | AA88: 0 | AB88: 0 | AC88: 22.8 | AD88: NMR | AE88: =SUM(C88:AB88) -> 100
B89: NB-40 | C89: 20.43 | D89: 39.89 | E89: 0 | F89: 0 | G89: 0 | H89: 0 | I89: 0 | J89: 0 | K89: 39.68 | L89: 0 | M89: 0 | N89: 0 | O89: 0 | P89: 0 | Q89: 0 | R89: 0 | S89: 0 | T89: 0 | U89: 0 | V89: 0 | W89: 0 | X89: 0 | Y89: 0 | Z89: 0 | AA89: 0 | AB89: 0 | AC89: 18.6 | AD89: NMR | AE89: =SUM(C89:AB89) -> 100
B90: NB-45 | C90: 20.38 | D90: 34.71 | E90: 0 | F90: 0 | G90: 0 | H90: 0 | I90: 0 | J90: 0 | K90: 44.91 | L90: 0 | M90: 0 | N90: 0 | O90: 0 | P90: 0 | Q90: 0 | R90: 0 | S90: 0 | T90: 0 | U90: 0 | V90: 0 | W90: 0 | X90: 0 | Y90: 0 | Z90: 0 | AA90: 0 | AB90: 0 | AC90: 12.3 | AD90: NMR | AE90: =SUM(C90:AB90) -> 100
B91: NB-50 | C91: 20.61 | D91: 29.88 | E91: 0 | F91: 0 | G91: 0 | H91: 0 | I91: 0 | J91: 0 | K91: 49.51 | L91: 0 | M91: 0 | N91: 0 | O91: 0 | P91: 0 | Q91: 0 | R91: 0 | S91: 0 | T91: 0 | U91: 0 | V91: 0 | W91: 0 | X91: 0 | Y91: 0 | Z91: 0 | AA91: 0 | AB91: 0 | AC91: 4 | AD91: NMR | AE91: =SUM(C91:AB91) -> 100
A92: Wu, Jingshi, and Jonathan F. Stebbins. "Effects of cation field strength on the structure of aluminoborosilicate glasses: high-resolution 11B, 27Al and 23Na MAS NMR." Journal of Non-Crystalline Solids 355.9 (2009): 556-562. | B92: B7N20 | C92: 8 | D92: 7 | E92: 0 | F92: 0 | G92: 0 | H92: 0 | I92: 0 | J92: 0 | K92: 20 | L92: 0 | M92: 65 | N92: 0 | O92: 0 | P92: 0 | Q92: 0 | R92: 0 | S92: 0 | T92: 0 | U92: 0 | V92: 0 | W92: 0 | X92: 0 | Y92: 0 | Z92: 0 | AA92: 0 | AB92: 0 | AC92: 62 | AD92: NMR | AE92: =SUM(C92:AB92) -> 100 | AF92: Water quench | AI92: Atm.
B93: B7N15 | C93: 8 | D93: 7 | E93: 5 | F93: 0 | G93: 0 | H93: 0 | I93: 0 | J93: 0 | K93: 15 | L93: 0 | M93: 65 | N93: 0 | O93: 0 | P93: 0 | Q93: 0 | R93: 0 | S93: 0 | T93: 0 | U93: 0 | V93: 0 | W93: 0 | X93: 0 | Y93: 0 | Z93: 0 | AA93: 0 | AB93: 0 | AC93: 44 | AD93: NMR | AE93: =SUM(C93:AB93) -> 100
B94: B7N10 | C94: 8 | D94: 7 | E94: 10 | F94: 0 | G94: 0 | H94: 0 | I94: 0 | J94: 0 | K94: 10 | L94: 0 | M94: 65 | N94: 0 | O94: 0 | P94: 0 | Q94: 0 | R94: 0 | S94: 0 | T94: 0 | U94: 0 | V94: 0 | W94: 0 | X94: 0 | Y94: 0 | Z94: 0 | AA94: 0 | AB94: 0 | AC94: 28 | AD94: NMR | AE94: =SUM(C94:AB94) -> 100
B95: B7N05 | C95: 8 | D95: 7 | E95: 15 | F95: 0 | G95: 0 | H95: 0 | I95: 0 | J95: 0 | K95: 5 | L95: 0 | M95: 65 | N95: 0 | O95: 0 | P95: 0 | Q95: 0 | R95: 0 | S95: 0 | T95: 0 | U95: 0 | V95: 0 | W95: 0 | X95: 0 | Y95: 0 | Z95: 0 | AA95: 0 | AB95: 0 | AC95: 19 | AD95: NMR | AE95: =SUM(C95:AB95) -> 100
B96: B7N00 | C96: 8 | D96: 7 | E96: 20 | F96: 0 | G96: 0 | H96: 0 | I96: 0 | J96: 0 | K96: 0 | L96: 0 | M96: 65 | N96: 0 | O96: 0 | P96: 0 | Q96: 0 | R96: 0 | S96: 0 | T96: 0 | U96: 0 | V96: 0 | W96: 0 | X96: 0 | Y96: 0 | Z96: 0 | AA96: 0 | AB96: 0 | AC96: 15 | AD96: NMR | AE96: =SUM(C96:AB96) -> 100
B97: B21N20 | C97: 8 | D97: 21 | E97: 0 | F97: 0 | G97: 0 | H97: 0 | I97: 0 | J97: 0 | K97: 20 | L97: 0 | M97: 51 | N97: 0 | O97: 0 | P97: 0 | Q97: 0 | R97: 0 | S97: 0 | T97: 0 | U97: 0 | V97: 0 | W97: 0 | X97: 0 | Y97: 0 | Z97: 0 | AA97: 0 | AB97: 0 | AC97: 51 | AD97: NMR | AE97: =SUM(C97:AB97) -> 100
B98: B21N15 | C98: 8 | D98: 21 | E98: 5 | F98: 0 | G98: 0 | H98: 0 | I98: 0 | J98: 0 | K98: 15 | L98: 0 | M98: 51 | N98: 0 | O98: 0 | P98: 0 | Q98: 0 | R98: 0 | S98: 0 | T98: 0 | U98: 0 | V98: 0 | W98: 0 | X98: 0 | Y98: 0 | Z98: 0 | AA98: 0 | AB98: 0 | AC98: 36 | AD98: NMR | AE98: =SUM(C98:AB98) -> 100
B99: B21N10 | C99: 8 | D99: 21 | E99: 10 | F99: 0 | G99: 0 | H99: 0 | I99: 0 | J99: 0 | K99: 10 | L99: 0 | M99: 51 | N99: 0 | O99: 0 | P99: 0 | Q99: 0 | R99: 0 | S99: 0 | T99: 0 | U99: 0 | V99: 0 | W99: 0 | X99: 0 | Y99: 0 | Z99: 0 | AA99: 0 | AB99: 0 | AC99: 32 | AD99: NMR | AE99: =SUM(C99:AB99) -> 100
B100: B21N05 | C100: 8 | D100: 21 | E100: 15 | F100: 0 | G100: 0 | H100: 0 | I100: 0 | J100: 0 | K100: 5 | L100: 0 | M100: 51 | N100: 0 | O100: 0 | P100: 0 | Q100: 0 | R100: 0 | S100: 0 | T100: 0 | U100: 0 | V100: 0 | W100: 0 | X100: 0 | Y100: 0 | Z100: 0 | AA100: 0 | AB100: 0 | AC100: 27 | AD100: NMR | AE100: =SUM(C100:AB100) -> 100
B101: B21N00 | C101: 8 | D101: 21 | E101: 20 | F101: 0 | G101: 0 | H101: 0 | I101: 0 | J101: 0 | K101: 0 | L101: 0 | M101: 51 | N101: 0 | O101: 0 | P101: 0 | Q101: 0 | R101: 0 | S101: 0 | T101: 0 | U101: 0 | V101: 0 | W101: 0 | X101: 0 | Y101: 0 | Z101: 0 | AA101: 0 | AB101: 0 | AC101: 21 | AD101: NMR | AE101: =SUM(C101:AB101) -> 100
A102: Zheng, Q. J., et al. "Structure of boroaluminosilicate glasses: impact of [Al2O3]/[SiO2] ratio on the structural role of sodium." Physical Review B 86.5 (2012): 054203.; Zheng, Qiuju, et al. "Composition–structure–property relationships in boroaluminosilicate glasses." Journal of Non-Crystalline Solids 358.6-7 (2012): 993-1002. | B102: Al0 | C102: 0.16 | D102: 4.84 | E102: 0 | F102: 0 | G102: 0.15 | H102: 0 | I102: 0 | J102: 0 | K102: 14.77 | L102: 0 | M102: 80.08 | N102: 0 | O102: 0 | P102: 0 | Q102: 0 | R102: 0 | S102: 0 | T102: 0 | U102: 0 | V102: 0 | W102: 0 | X102: 0 | Y102: 0 | Z102: 0 | AA102: 0 | AB102: 0 | AC102: 94.9 | AD102: NMR | AE102: =SUM(C102:AB102) -> 100 | AF102: Air quench | AG102: 2h 450 and 560 °C | AH102: Powder | AI102: Atm.
B103: Al1 | C103: 1.16 | D103: 4.85 | E103: 0 | F103: 0 | G103: 0.14 | H103: 0 | I103: 0 | J103: 0 | K103: 14.6 | L103: 0 | M103: 79.38 | N103: 0 | O103: 0 | P103: 0 | Q103: 0 | R103: 0 | S103: 0 | T103: 0 | U103: 0 | V103: 0 | W103: 0 | X103: 0 | Y103: 0 | Z103: 0 | AA103: 0 | AB103: 0 | AC103: 93.2 | AD103: NMR | AE103: =SUM(C103:AB103) -> 100.13
B104: Al2.5 | C104: 2 | D104: 4.7 | E104: 0 | F104: 0 | G104: 0.08 | H104: 0 | I104: 0 | J104: 0 | K104: 14.4 | L104: 0 | M104: 78.8 | N104: 0 | O104: 0 | P104: 0 | Q104: 0 | R104: 0 | S104: 0 | T104: 0 | U104: 0 | V104: 0 | W104: 0 | X104: 0 | Y104: 0 | Z104: 0 | AA104: 0 | AB104: 0 | AC104: 94.6 | AD104: NMR | AE104: =SUM(C104:AB104) -> 99.98
...

Sheet 2024 new data
A1: Ref. | B1: Glass ID | C1: Composition (mol%) | AF1: N4 | AH1: sum | AI1: Glass sample preperation details
C2: Al2O3 | D2: B2O3 | E2: CaO | F2: Cr2O3 | G2: Fe2O3 | H2: K2O | I2: Li2O | J2: MgO | K2: Na2O | L2: P2O5 | M2: SiO2 | N2: SO3 | O2: TiO2 | P2: ZnO | Q2: ZrO2 | R2: BaO | S2: Bi2O3 | T2: Cs2O | U2: HfO2 | V2: La2O3 | W2: PbO | X2: SrO | Y2: TeO2 | Z2: Rb2O | AA2: UO3 | AB2: Y2O3 | AC2: SnO2 | AD2: SbO2 | AE2: CoO | AF2: % | AG2: Method | AI2: Cooling rate | AJ2: Annealing | AK2: Sample form | AL2: Pressure | AM2: Note
A3: Bruns S, Uesbeck T, Weil D, Möncke D, van Wüllen L, Durst K and de Ligny D (2020) Influence of Al2O3 Addition on Structure and Mechanical Properties of Borosilicate Glasses. Front. Mater. 7:189. doi: 10.3389/fmats.2020.00189 | B3: 1% Al | C3: 1 | D3: 20.7 | K3: 4.3 | M3: 74 | AF3: 12 | AG3: NMR | AH3: =SUM(C3:AB3) -> 100 | AI3: Furnace cooled (30K/h) | AL3: Atm
B4: 1.5% Al | C4: 1.5 | D4: 20.6 | K4: 4.28 | M4: 73.62 | AF4: 11 | AG4: NMR | AH4: =SUM(C4:AB4) -> 100 | AI4: Furnace cooled (30K/h)
B5: 2% Al | C5: 2 | D5: 20.49 | K5: 4.26 | M5: 73.25 | AF5: 7 | AG5: NMR | AH5: =SUM(C5:AB5) -> 100 | AI5: Furnace cooled (30K/h)
B6: 4% Al | C6: 4 | D6: 20.07 | K6: 4.17 | M6: 71.76 | AF6: 2 | AG6: NMR | AH6: =SUM(C6:AB6) -> 100 | AI6: Furnace cooled (30K/h)
A7: A Chim Lee, Sung Keun Lee, Network polymerization and cation coordination environments in boron-bearing rhyolitic melts: Insights from 17O, 11B, and 27Al solid-state NMR of sodium aluminoborosilicate glasses with varying boron content, Geochimica et Cosmochimica Acta, Volume 268, 2020, Pages 325-347, ISSN 0016-7037, https://doi.org/10.1016/j.gca.2019.10.010. | B7: Lee-XMa0-non-enriched | C7: 25.009157 | D7: 0 | K7: 24.983641 | M7: 50.007202 | AH7: =SUM(C7:AB7) -> 100 | AI7: Cold water quenched | AM7: Unclear if enriched value N4 is reported, but in Fig S3, there is a noticable difference between the two, so I wonder if we can find these values somewhere? 'quenched into glasses'.. Treating as cold water quench based on https://www.sciencedirect.com/topics/engineering/melt-quenching
B8: Lee-XMa0.25-non-enriched | C8: 18.746298 | D8: 6.2445362 | K8: 25.050298 | M8: 49.958868 | AF8: 12 | AG8: NMR | AH8: =SUM(C8:AB8) -> 100 | AI8: Cold water quenched
B9: Lee-Xa0.5-non-enriched | C9: 12.480431 | D9: 12.506714 | K9: 24.962184 | M9: 50.050671 | AF9: 38 | AG9: NMR | AH9: =SUM(C9:AB9) -> 100 | AI9: Cold water quenched
B10: Lee-XMa0.75-non-enriched | C10: 6.2436557 | D10: 18.75568 | K10: 25.049866 | M10: 49.950798 | AF10: 51 | AG10: NMR | AH10: =SUM(C10:AB10) -> 100 | AI10: Cold water quenched
B11: Lee-XMa1-non-enriched | C11: 0 | D11: 25.045061 | K11: 24.983206 | M11: 49.971732 | AF11: 57 | AG11: NMR | AH11: =SUM(C11:AB11) -> 100 | AI11: Cold water quenched
B12: Lee-XMa0-enriched | C12: 24.762304 | D12: 0 | K12: 24.71664 | M12: 50.521055 | AH12: =SUM(C12:AB12) -> 100 | AI12: Cold water quenched
B13: Lee-XMa0.25-enriched | C13: 18.570792 | D13: 6.2310635 | K13: 24.774063 | M13: 50.424082 | AH13: =SUM(C13:AB13) -> 100 | AI13: Cold water quenched
B14: Lee-Xa0.5-enriched | C14: 12.406324 | D14: 12.402091 | K14: 24.729278 | M14: 50.462307 | AH14: =SUM(C14:AB14) -> 100 | AI14: Cold water quenched
B15: Lee-XMa0.75-enriched | C15: 6.1814393 | D15: 18.573547 | K15: 24.741414 | M15: 50.503601 | AH15: =SUM(C15:AB15) -> 100 | AI15: Cold water quenched
B16: Lee-XMa1-enriched | C16: 0 | D16: 24.76157 | K16: 24.767843 | M16: 50.470587 | AH16: =SUM(C16:AB16) -> 100 | AI16: Cold water quenched
B17: Lee-XRd0-non-enriched | C17: 12.484095 | D17: 0 | K17: 12.492 | M17: 75.023905 | AH17: =SUM(C17:AB17) -> 100 | AI17: Cold water quenched
B18: Lee-XRd0.1-non-enriched | C18: 11.244947 | D18: 1.2164996 | K18: 12.507955 | M18: 75.030598 | AH18: =SUM(C18:AB18) -> 100 | AI18: Cold water quenched
B19: Lee-XRd0.25-non-enriched | C19: 9.3686796 | D19: 3.1522415 | K19: 12.49662 | M19: 74.982459 | AF19: 28 | AG19: NMR | AH19: =SUM(C19:AB19) -> 100 | AI19: Cold water quenched
B20: Lee-XRd0.5-non-enriched | C20: 6.2307209 | D20: 6.296675 | K20: 12.505261 | M20: 74.967343 | AF20: 48 | AG20: NMR | AH20: =SUM(C20:AB20) -> 100 | AI20: Cold water quenched
B21: Lee-XRd0.75-non-enriched | C21: 3.1271714 | D21: 9.3398251 | K21: 12.508287 | M21: 75.024717 | AF21: 52 | AG21: NMR | AH21: =SUM(C21:AB21) -> 100 | AI21: Cold water quenched
B22: Lee-XRd1-non-enriched | C22: 0 | D22: 12.534863 | K22: 12.493167 | M22: 74.97197 | AF22: 65 | AG22: NMR | AH22: =SUM(C22:AB22) -> 100 | AI22: Cold water quenched
B23: Lee-XRd0-enriched | C23: 12.317031 | D23: 0 | K23: 12.347678 | M23: 75.335292 | AH23: =SUM(C23:AB23) -> 100 | AI23: Cold water quenched
B24: Lee-XRd0.25-enriched | C24: 9.3683717 | D24: 3.1521379 | K24: 12.392074 | M24: 75.087417 | AH24: =SUM(C24:AB24) -> 100 | AI24: Cold water quenched
B25: Lee-XRd0.5-enriched | C25: 6.2305193 | D25: 6.2964714 | K25: 12.402358 | M25: 75.070652 | AH25: =SUM(C25:AB25) -> 100 | AI25: Cold water quenched
B26: Lee-XRd0.75-enriched | C26: 3.1275175 | D26: 9.4306748 | K26: 12.408787 | M26: 75.033021 | AH26: =SUM(C26:AB26) -> 100 | AI26: Cold water quenched
B27: Lee-XRd1-enriched | C27: 0 | D27: 12.289248 | K27: 12.314107 | M27: 75.396645 | AH27: =SUM(C27:AB27) -> 100 | AI27: Cold water quenched
A28: Jingshi Wu, Timothy M. Gross, Liping Huang, Siva Priya Jaccani, Randall E. Youngman, Sylwester J. Rzoska, Michal Bockowski, Saurav Bista, Jonathan F. Stebbins, Morten M. Smedskjaer, Composition and pressure effects on the structure, elastic properties and hardness of aluminoborosilicate glass, Journal of Non-Crystalline Solids, Volume 530, 2020, 119797, ISSN 0022-3093, https://doi.org/10.1016/j.jnoncrysol.2019.119797. | B28: CABS5-0.0001GPa | C28: 14.99 | D28: 4.79 | E28: 15 | M28: 65.22 | AF28: 2.7 | AG28: NMR | AH28: =SUM(C28:AB28) -> 100 | AI28: Cold water quenched | AJ28: 783°C | AL28: 0.0001Gpa | AM28: Annealing temp is holding temp for compression experiments. Annealed for 4 hours to reduce thermal stress, beam-bending viscometer measurement made, then annealed for 24h to reach structural equilibrium
B29: CABS5-1GPa | C29: 14.99 | D29: 4.79 | E29: 15 | M29: 65.22 | AF29: 7 | AG29: NMR | AH29: =SUM(C29:AB29) -> 100 | AI29: Cold water quenched | AJ29: 795°C | AL29: 1GPa
B30: CABS5-2GPa | C30: 14.99 | D30: 4.79 | E30: 15 | M30: 65.22 | AF30: 11.7 | AG30: NMR | AH30: =SUM(C30:AB30) -> 100 | AI30: Cold water quenched | AJ30: 810°C | AL30: 2 Gpa
B31: CABS10-0.0001GPa | C31: 15.06 | D31: 9.59 | E31: 15.21 | M31: 60.14 | AF31: 3.6 | AG31: NMR | AH31: =SUM(C31:AB31) -> 100 | AI31: Cold water quenched | AJ31: 740°C | AL31: 0.0001Gpa
B32: CABS10-1GPa | C32: 15.06 | D32: 9.59 | E32: 15.21 | M32: 60.14 | AF32: 8 | AG32: NMR | AH32: =SUM(C32:AB32) -> 100 | AI32: Cold water quenched | AJ32: 745°C | AL32: 1GPa
B33: CABS10-2GPa | C33: 15.06 | D33: 9.59 | E33: 15.21 | M33: 60.14 | AF33: 16.3 | AG33: NMR | AH33: =SUM(C33:AB33) -> 100 | AI33: Cold water quenched | AJ33: 760°C | AL33: 2 Gpa
B34: CABS15-0.0001GPa | C34: 15.06 | D34: 14.28 | E34: 15.21 | M34: 55.45 | AF34: 4.4 | AG34: NMR | AH34: =SUM(C34:AB34) -> 100 | AI34: Cold water quenched | AJ34: 710°C | AL34: 0.0001Gpa
B35: CABS15-1GPa | C35: 15.06 | D35: 14.28 | E35: 15.21 | M35: 55.45 | AF35: 9.1 | AG35: NMR | AH35: =SUM(C35:AB35) -> 100 | AI35: Cold water quenched | AJ35: 720°C | AL35: 1GPa
B36: CABS15-2GPa | C36: 15.06 | D36: 14.28 | E36: 15.21 | M36: 55.45 | AF36: 17 | AG36: NMR | AH36: =SUM(C36:AB36) -> 100 | AI36: Cold water quenched | AJ36: 740°C | AL36: 2 Gpa
B37: CABS20-0.0001GPa | C37: 15.05 | D37: 18.99 | E37: 15.14 | M37: 50.82 | AF37: 5.7 | AG37: NMR | AH37: =SUM(C37:AB37) -> 100 | AI37: Cold water quenched | AJ37: 681°C | AL37: 0.0001Gpa
B38: CABS20-1GPa | C38: 15.05 | D38: 18.99 | E38: 15.14 | M38: 50.82 | AF38: 11.2 | AG38: NMR | AH38: =SUM(C38:AB38) -> 100 | AI38: Cold water quenched | AJ38: 690°C | AL38: 1GPa
B39: CABS20-2GPa | C39: 15.05 | D39: 18.99 | E39: 15.14 | M39: 50.82 | AF39: 18.2 | AG39: NMR | AH39: =SUM(C39:AB39) -> 100 | AI39: Cold water quenched | AJ39: 720°C | AL39: 2 Gpa
B40: CABS25-0.0001GPa | C40: 15.05 | D40: 23.5 | E40: 15.11 | M40: 46.34 | AF40: 6.4 | AG40: NMR | AH40: =SUM(C40:AB40) -> 100 | AI40: Cold water quenched | AJ40: 657°C | AL40: 0.0001Gpa
... B42: CABS25-2GPa | C42: 15.05 | D42: 23.5 | E42: 15.11 | M42: 46.34 | AF42: 22.1 | AG42: NMR | AH42: =SUM(C42:AB42) -> 100 | AI42: Cold water quenched | AJ42: 720°C | AL42: 2 Gpa
A43: Nicholas J. Smith, Cody V. Cushman, Matthew R. Linford, Robert A. Schaut, Joy Banerjee, Randall E. Youngman, Lars Thomsen, Landon S. Fisher, Anders J. Barlow, Paul J. Pigram, Boron coordination structure at the surfaces of sodium borosilicate and aluminoborosilicate glasses by B K-edge NEXAFS, Journal of Non-Crystalline Solids, Volume 545, 2020, 120247, ISSN 0022-3093, https://doi.org/10.1016/j.jnoncrysol.2020.120247. | B43: NBS-10-10-80 | C43: 0.08 | D43: 10 | K43: 9.7 | M43: 80.2 | AF43: 75.5 | AG43: NMR | AH43: =SUM(C43:AB43) -> 99.98 | AI43: Cold water quenched | AJ43: course annealed then BBV and re-anneal at measured anneal point | AL43: Atm | AM43: usual melt-quench method'.. Treating as cold water quench based on https://www.sciencedirect.com/topics/engineering/melt-quenching
B44: NBS-10-20-80 | C44: 0.09 | D44: 19.9 | K44: 9.8 | M44: 70.2 | AF44: 48.4 | AG44: NMR | AH44: =SUM(C44:AB44) -> 99.99 | AI44: Cold water quenched
B45: NBS-10-30-60 | C45: 0 | D45: 29.9 | K45: 9.8 | M45: 60.2 | AF45: 34.8 | AG45: NMR | AH45: =SUM(C45:AB45) -> 99.9 | AI45: Cold water quenched
B46: NBS-10-60-30 | C46: 0.05 | D46: 59.5 | K46: 10 | M46: 30.4 | AF46: 18.9 | AG46: NMR | AH46: =SUM(C46:AB46) -> 99.95 | AI46: Cold water quenched
B47: NBS-10-70-20 | C47: 0.04 | D47: 69.1 | K47: 10.1 | M47: 20.7 | AF47: 16.6 | AG47: NMR | AH47: =SUM(C47:AB47) -> 99.94 | AI47: Cold water quenched
B48: NBS-10-80-10 | C48: 0.04 | D48: 79.3 | K48: 10.1 | M48: 10.5 | AF48: 15.1 | AG48: NMR | AH48: =SUM(C48:AB48) -> 99.94 | AI48: Cold water quenched
B49: NBS-20-10-70 | C49: 0.1 | D49: 10 | K49: 19.6 | M49: 70.2 | AF49: 87.2 | AG49: NMR | AH49: =SUM(C49:AB49) -> 99.9 | AI49: Cold water quenched
B50: NBS-20-20-60 | C50: 0.08 | D50: 20 | K50: 19.6 | M50: 60.3 | AF50: 72.7 | AG50: NMR | AH50: =SUM(C50:AB50) -> 99.98 | AI50: Cold water quenched
B51: NBS-20-30-50 | C51: 0.08 | D51: 29.9 | K51: 19.5 | M51: 50.5 | AF51: 59.9 | AG51: NMR | AH51: =SUM(C51:AB51) -> 99.98 | AI51: Cold water quenched
B52: NBS-20-40-40 | C52: 0.08 | D52: 39.3 | K52: 19.6 | M52: 41 | AF52: 48.7 | AG52: NMR | AH52: =SUM(C52:AB52) -> 99.98 | AI52: Cold water quenched
B53: NBS-20-50-30 | C53: 0.06 | D53: 49.7 | K53: 19.7 | M53: 30.5 | AF53: 40.7 | AG53: NMR | AH53: =SUM(C53:AB53) -> 99.96 | AI53: Cold water quenched
B54: NBS-20-60-20 | C54: 0.05 | D54: 59.8 | K54: 19.8 | M54: 20.4 | AF54: 35.1 | AG54: NMR | AH54: =SUM(C54:AB54) -> 100.05 | AI54: Cold water quenched
B55: NBS-30-10-60 | C55: 0.07 | D55: 10.1 | K55: 29.4 | M55: 60.4 | AF55: 79 | AG55: NMR | AH55: =SUM(C55:AB55) -> 99.97 | AI55: Cold water quenched
... B68: NABS-10-5-75-10 | C68: 4.9 | D68: 75.8 | K68: 9.5 | M68: 9.7 | AF68: 9.8 | AG68: NMR | AH68: =SUM(C68:AB68) -> 99.9 | AI68: Cold water quenched
A69: Takahiro Ohkubo, Shingo Urata, Yutaka Imamura, Taketoshi Taniguchi, Nanae Ishioka, Masamichi Tanida, Eiji Tsuchida, Lu Deng, and Jincheng Du, Modeling the Structure and Dynamics of Lithium Borosilicate Glasses with Ab Initio Molecular Dynamics Simulations. The Journal of Physical Chemistry C 2021 125 (15), 8080-8089, DOI: 10.1021/acs.jpcc.1c00309 | B69: 40L30B30S | D69: 30 | I69: 40 | M69: 30 | AF69: 57.5 | AG69: NMR | AH69: =SUM(C69:AB69) -> 100 | AI69: Rapidly cooled using rollout machine | AK69: glass flake | AL69: atm | AM69: N4 values also obtained via AIMD, DBX, CMD0300, CMD700
B70: 40L50B10S | D70: 50 | I70: 40 | M70: 10 | AF70: 17.4 | AG70: NMR | AH70: =SUM(C70:AB70) -> 100 | AI70: Rapidly cooled using rollout machine
B71: 60L25B15S | D71: 25 | I71: 60 | M71: 15 | AF71: 3.3 | AG71: NMR | AH71: =SUM(C71:AB71) -> 100 | AI71: Rapidly cooled using rollout machine
A72: Peng Lv, Baltzar Stevensson, Yang Yu, Tieshan Wang, and Mattias Edén. BO3/BO4 Intermixing in Borosilicate Glass Networks Probed by Double-Quantum 11B NMR: What Factors Govern BO4–BO4 Formation? The Journal of Physical Chemistry C 2023 127 (40), 20026-20040, DOI: 10.1021/acs.jpcc.3c03577 | B72: Lv-K2.0-0.75 | D72: 26.7 | H72: 20 | M72: 53.3 | AF72: 62.8 | AG72: NMR | AH72: =SUM(C72:AB72) -> 100 | AI72: Cold water quenched
B73: Lv-RbNa2.0-0.75 | D73: 26.7 | K73: 10 | M73: 53.3 | Z73: 10 | AF73: 60.3 | AG73: NMR | AH73: =SUM(C73:AB73) -> 100 | AI73: Cold water quenched
B74: Lv-KNa2.0-0.75 | D74: 26.7 | H74: 10 | K74: 10 | M74: 53.3 | AF74: 62.4 | AG74: NMR | AH74: =SUM(C74:AB74) -> 100 | AI74: Cold water quenched
B75: Lv-Na2.0-0.75 | D75: 26.7 | K75: 20 | M75: 53.3 | AF75: 60.4 | AG75: NMR | AH75: =SUM(C75:AB75) -> 100 | AI75: Cold water quenched
B76: Lv-LiNa2.0-0.75 | D76: 26.7 | I76: 10 | K76: 10 | M76: 53.3 | AF76: 56.3 | AG76: NMR | AH76: =SUM(C76:AB76) -> 100 | AI76: Cold water quenched
B77: Lv-CaNa2.0-0.75 | D77: 26.7 | E77: 10 | K77: 10 | M77: 53.3 | AF77: 48.3 | AG77: NMR | AH77: =SUM(C77:AB77) -> 100 | AI77: Cold water quenched
B78: Lv-MgNa2.0-0.75 | D78: 26.7 | J78: 10 | K78: 10 | M78: 53.3 | AF78: 36.1 | AG78: NMR | AH78: =SUM(C78:AB78) -> 100 | AI78: Cold water quenched
B79: Lv-K4.0-0.75 | D79: 17.4 | H79: 13 | M79: 69.6 | AF79: 68.1 | AG79: NMR | AH79: =SUM(C79:AB79) -> 100 | AI79: Cold water quenched
B80: Lv-RbNa4.0-0.75 | D80: 17.4 | K80: 6.5 | M80: 69.6 | Z80: 6.5 | AF80: 65.1 | AG80: NMR | AH80: =SUM(C80:AB80) -> 100 | AI80: Cold water quenched
B81: Lv-Na4.0-0.75 | D81: 17.4 | K81: 13 | M81: 69.6 | AF81: 61.8 | AG81: NMR | AH81: =SUM(C81:AB81) -> 100 | AI81: Cold water quenched
B82: Lv-MgNa4.0-0.75 | D82: 17.4 | J82: 6.5 | K82: 6.5 | M82: 69.6 | AF82: 31.3 | AG82: NMR | AH82: =SUM(C82:AB82) -> 100 | AI82: Cold water quenched
B83: Lv-RbNa2.02.1 | D83: 19.6 | K83: 20.6 | M83: 39.2 | Z83: 20.6 | AF83: 40.6 | AG83: NMR | AH83: =SUM(C83:AB83) -> 100 | AI83: Cold water quenched
B84: Lv-Na2.02.1 | D84: 19.6 | K84: 41.2 | M84: 39.2 | AF84: 48.7 | AG84: NMR | AH84: =SUM(C84:AB84) -> 100 | AI84: Cold water quenched
B85: Lv-LiNa2.02.1 | D85: 19.6 | H85: 20.6 | K85: 20.6 | M85: 39.2 | AF85: 54.7 | AG85: NMR | AH85: =SUM(C85:AB85) -> 100 | AI85: Cold water quenched
B86: Lv-CaNa2.02.1 | D86: 19.6 | E86: 20.6 | K86: 20.6 | M86: 39.2 | AF86: 45.3 | AG86: NMR | AH86: =SUM(C86:AB86) -> 100 | AI86: Cold water quenched
B87: Lv-MgNa2.02.1 | D87: 19.6 | J87: 20.6 | K87: 20.6 | M87: 39.2 | AF87: 40.2 | AG87: NMR | AH87: =SUM(C87:AB87) -> 100 | AI87: Cold water quenched
B88: Lv-Na2.0-0.26 | D88: 30.7 | K88: 8 | M88: 61.3 | AF88: 27 | AG88: NMR | AH88: =SUM(C88:AB88) -> 100 | AI88: Cold water quenched
B89: Lv-Na2.0-0.5 | D89: 28.6 | K89: 14.3 | M89: 57.1 | AF89: 47.6 | AG89: NMR | AH89: =SUM(C89:AB89) -> 100 | AI89: Cold water quenched
B90: Lv-Na2.0-2.5 | D90: 18.2 | K90: 45.5 | M90: 36.3 | AF90: 41.1 | AG90: NMR | AH90: =SUM(C90:AB90) -> 100 | AI90: Cold water quenched
B91: Lv-Na4.0-1.2 | D91: 16.1 | K91: 19.4 | M91: 64.5 | AF91: 73.3 | AG91: NMR | AH91: =SUM(C91:AB91) -> 100 | AI91: Cold water quenched
B92: Lv-CaNa0.5-0.5 | D92: 50 | E92: 12.5 | K92: 12.5 | M92: 25 | AF92: 41.9 | AG92: NMR | AH92: =SUM(C92:AB92) -> 100 | AI92: Cold water quenched
B93: Lv-CaNa2.0-0.5 | D93: 28.6 | E93: 7.1 | K93: 7.1 | M93: 57.2 | AF93: 40.4 | AG93: NMR | AH93: =SUM(C93:AB93) -> 100 | AI93: Cold water quenched
B94: Lv-CaNa4.0-1.2 | D94: 16.1 | E94: 9.7 | K94: 9.7 | M94: 64.5 | AF94: 55.2 | AG94: NMR | AH94: =SUM(C94:AB94) -> 100 | AI94: Cold water quenched
B95: Lv-CaNa4.0-2.0 | D95: 14.3 | E95: 14.3 | K95: 14.3 | M95: 57.1 | AF95: 59.1 | AG95: NMR | AH95: =SUM(C95:AB95) -> 100 | AI95: Cold water quenched
B96: Lv-CaNa4.0-3.3 | D96: 12 | E96: 19.9 | K96: 19.9 | M96: 48.2 | AF96: 47.2 | AG96: NMR | AH96: =SUM(C96:AB96) -> 100 | AI96: Cold water quenched
A97: Qianxing Huang, Jianlei Liu, Xi He, Taoyong Liu, Anxian Lu, Analysis of structure evolution and performance in alkali-free glass substrates via XPS and infrared: Boron-aluminum anomaly, Journal of Non-Crystalline Solids, Volume 555, 2021, 120531, ISSN 0022-3093, https://doi.org/10.1016/j.jnoncrysol.2020.120531. | B97: DPG0 | C97: 14.318374 | D97: 0 | E97: 6.9265923 | J97: 7.8095518 | M97: 64.87058 | P97: 0.69949237 | X97: 5.170414 | AC97: 0.08887258 | AD97: 0.11612323 | AF97: 0 | AG97: NMR | AH97: =SUM(C97:AD97) -> 100 | AI97: Room temp cool | AJ97: 680 C for 2h | AL97: Atm
B98: DPG2 | C98: 12.925872 | D98: 1.912267 | E98: 6.884574 | J98: 7.7621773 | M98: 64.47706 | P98: 0.69524908 | X98: 5.139049 | AC98: 0.088333458 | AD98: 0.11541879 | AF98: 0 | AG98: NMR | AH98: =SUM(C98:AD98) -> 100 | AI98: Room temp cool
B99: DPG4 | C99: 11.550162 | D99: 3.8014735 | E99: 6.8430623 | J99: 7.715374 | M99: 64.088285 | P99: 0.69105697 | X99: 5.1080623 | AC99: 0.087800838 | AD99: 0.11472286 | AF99: 0 | AG99: NMR | AH99: =SUM(C99:AD99) -> 100 | AI99: Room temp cool
B100: DPG6 | C100: 10.190943 | D100: 5.6680339 | E100: 6.8020483 | J100: 7.6691318 | M100: 63.704171 | P100: 0.68691511 | X100: 5.0774471 | AC100: 0.087274602 | AD100: 0.11403527 | AF100: 0 | AG100: NMR | AH100: =SUM(C100:AD100) -> 100 | AI100: Room temp cool
B101: DPG8 | C101: 8.8479202 | D101: 7.5123531 | E101: 6.761523 | J101: 7.6234405 | M101: 63.324633 | P101: 0.6828226 | X101: 5.0471966 | AC101: 0.086754636 | AD101: 0.11335586 | AF101: 17 | AG101: NMR | AH101: =SUM(C101:AD101) -> 100 | AI101: Room temp cool
A102: Peng Lv, Chunting Wang, Baltzar Stevensson, Yang Yu, Tieshan Wang, Mattias Edén, Impact of the cation field strength on physical properties and structures of alkali and alkaline-earth borosilicate glasses, Ceramics International, Volume 48, Issue 13, 2022, Pages 18094-18107, ISSN 0272-8842, https://doi.org/10.1016/j.ceramint.2022.03.022. | B102: Li2.0-0.75 | D102: 26.67 | I102: 10 | K102: 10 | M102: 53.33 | AF102: 56.3 | AG102: NMR | AH102: =SUM(C102:AD102) -> 100 | AI102: Cold water quenched | AL102: Atm | AM102: La glass is missing from initial composition table but included in N4 measures, typo in comp table?
B103: Na2.0-0.75 | D103: 26.67 | K103: 20 | M103: 53.33 | AF103: 60.4 | AG103: NMR | AH103: =SUM(C103:AD103) -> 100 | AI103: Cold water quenched
B104: K2.0-0.75 | D104: 26.67 | H104: 10 | K104: 10 | M104: 53.33 | AF104: 62.4 | AG104: NMR | AH104: =SUM(C104:AD104) -> 100 | AI104: Cold water quenched
B105: Rb2.0-0.75 | D105: 26.67 | K105: 10 | M105: 53.33 | Z105: 10 | AF105: 60.3 | AG105: NMR | AH105: =SUM(C105:AD105) -> 100 | AI105: Cold water quenched
B106: Mg2.0-0.75 | D106: 26.67 | J106: 10 | K106: 10 | M106: 53.33 | AF106: 36.1 | AG106: NMR | AH106: =SUM(C106:AD106) -> 100 | AI106: Cold water quenched
B107: Ca2.0-0.75 | D107: 26.67 | E107: 10 | K107: 10 | M107: 53.33 | AF107: 48.3 | AG107: NMR | AH107: =SUM(C107:AD107) -> 100 | AI107: Cold water quenched
B108: Sr2.0-0.75 | D108: 26.67 | K108: 10 | M108: 53.33 | X108: 10 | AF108: 53.8 | AG108: NMR | AH108: =SUM(C108:AD108) -> 100 | AI108: Cold water quenched
B109: Ba2.0-0.75 | D109: 26.67 | K109: 10 | M109: 53.33 | R109: 10 | AF109: 57.4 | AG109: NMR | AH109: =SUM(C109:AD109) -> 100 | AI109: Cold water quenched
B110: Li4.0-0.75 | D110: 17.27 | I110: 6.48 | K110: 6.48 | M110: 69.77 | AF110: 53.9 | AG110: NMR | AH110: =SUM(C110:AD110) -> 100 | AI110: Cold water quenched
B111: Na4.0-0.75 | D111: 17.27 | K111: 12.96 | M111: 69.77 | AF111: 62.3 | AG111: NMR | AH111: =SUM(C111:AD111) -> 100 | AI111: Cold water quenched
B112: K4.0-0.75 | D112: 17.27 | H112: 6.48 | K112: 6.48 | M112: 69.77 | AF112: 66.7 | AG112: NMR | AH112: =SUM(C112:AD112) -> 100 | AI112: Cold water quenched
B113: Rb4.0-0.75 | D113: 17.27 | K113: 6.48 | M113: 69.77 | Z113: 6.48 | AF113: 65.1 | AG113: NMR | AH113: =SUM(C113:AD113) -> 100 | AI113: Cold water quenched
...

Sheet 2024 wt to mol conversion
C1: B2O3 | D1: SiO2 | E1: Na2O | F1: Al2O3 | G1: FeO | I1: SiO2 | J1: Al2O3 | K1: B2O3 | L1: MgO | M1: CaO | N1: Sr0 | O1: ZnO | P1: SnO2 | Q1: Sb2O3
B2: Molar weight (IUPAC 2018) | C2: 69.617 | D2: 60.083 | E2: 61.979 | F2: 101.9622 | G2: 71.844 | I2: 60.083 | J2: 101.9622 | K2: 69.617 | L2: 40.304 | M2: 56.077 | N2: 103.6194 | O2: 81.379 | P2: 150.7088 | Q2: 91.52
A4: Ref | B4: Glass ID
A5: A Chim Lee, Sung Keun Lee, Network polymerization and cation coordination environments in boron-bearing rhyolitic melts: Insights from 17O, 11B, and 27Al solid-state NMR of sodium aluminoborosilicate glasses with varying boron content, Geochimica et Cosmochimica Acta, Volume 268, 2020, Pages 325-347, ISSN 0016-7037, https://doi.org/10.1016/j.gca.2019.10.010. | B5: wt % | C5: B2O3 | D5: SiO2 | E5: Na2O | F5: Al2O3 | G5: sum | H5: mol% | I5: B2O3 | J5: SiO2 | K5: Na2O | L5: Al2O3 | N5: sum
B6: Lee-XMa0-non-enriched | C6: 0 | D6: 42.3 | E6: 21.8 | F6: 35.9 | G6: =SUM(C6:F6) -> 100 | H6: Lee-XMa0-non-enriched | I6: {=C6/C$2/SUMPRODUCT(1/($C$2:$F$2),$C6:$F6)*100} -> 0 | J6: {=D6/D$2/SUMPRODUCT(1/($C$2:$F$2),$C6:$F6)*100} -> 50.007202 | K6: {=E6/E$2/SUMPRODUCT(1/($C$2:$F$2),$C6:$F6)*100} -> 24.983641 | L6: {=F6/F$2/SUMPRODUCT(1/($C$2:$F$2),$C6:$F6)*100} -> 25.009157 | N6: =SUM(I6:L6) -> 100
B7: Lee-XMa0.25-non-enriched | C7: 6.3 | D7: 43.5 | E7: 22.5 | F7: 27.7 | G7: =SUM(C7:F7) -> 100 | H7: Lee-XMa0.25-non-enriched | I7: {=C7/C$2/SUMPRODUCT(1/($C$2:$F$2),$C7:$F7)*100} -> 6.2445362 | J7: {=D7/D$2/SUMPRODUCT(1/($C$2:$F$2),$C7:$F7)*100} -> 49.958868 | K7: {=E7/E$2/SUMPRODUCT(1/($C$2:$F$2),$C7:$F7)*100} -> 25.050298 | L7: {=F7/F$2/SUMPRODUCT(1/($C$2:$F$2),$C7:$F7)*100} -> 18.746298 | N7: =SUM(I7:L7) -> 100
B8: Lee-Xa0.5-non-enriched | C8: 13 | D8: 44.9 | E8: 23.1 | F8: 19 | G8: =SUM(C8:F8) -> 100 | H8: Lee-Xa0.5-non-enriched | I8: {=C8/C$2/SUMPRODUCT(1/($C$2:$F$2),$C8:$F8)*100} -> 12.506714 | J8: {=D8/D$2/SUMPRODUCT(1/($C$2:$F$2),$C8:$F8)*100} -> 50.050671 | K8: {=E8/E$2/SUMPRODUCT(1/($C$2:$F$2),$C8:$F8)*100} -> 24.962184 | L8: {=F8/F$2/SUMPRODUCT(1/($C$2:$F$2),$C8:$F8)*100} -> 12.480431 | N8: =SUM(I8:L8) -> 100
B9: Lee-XMa0.75-non-enriched | C9: 20.1 | D9: 46.2 | E9: 23.9 | F9: 9.8 | G9: =SUM(C9:F9) -> 100 | H9: Lee-XMa0.75-non-enriched | I9: {=C9/C$2/SUMPRODUCT(1/($C$2:$F$2),$C9:$F9)*100} -> 18.75568 | J9: {=D9/D$2/SUMPRODUCT(1/($C$2:$F$2),$C9:$F9)*100} -> 49.950798 | K9: {=E9/E$2/SUMPRODUCT(1/($C$2:$F$2),$C9:$F9)*100} -> 25.049866 | L9: {=F9/F$2/SUMPRODUCT(1/($C$2:$F$2),$C9:$F9)*100} -> 6.2436557 | N9: =SUM(I9:L9) -> 100
B10: Lee-XMa1-non-enriched | C10: 27.7 | D10: 47.7 | E10: 24.6 | F10: 0 | G10: =SUM(C10:F10) -> 100 | H10: Lee-XMa1-non-enriched | I10: {=C10/C$2/SUMPRODUCT(1/($C$2:$F$2),$C10:$F10)*100} -> 25.045061 | J10: {=D10/D$2/SUMPRODUCT(1/($C$2:$F$2),$C10:$F10)*100} -> 49.971732 | K10: {=E10/E$2/SUMPRODUCT(1/($C$2:$F$2),$C10:$F10)*100} -> 24.983206 | L10: {=F10/F$2/SUMPRODUCT(1/($C$2:$F$2),$C10:$F10)*100} -> 0 | N10: =SUM(I10:L10) -> 100
B11: Lee-XMa0-enriched | C11: 0 | D11: 42.8 | E11: 21.6 | F11: 35.6 | G11: =SUM(C11:F11) -> 100 | H11: Lee-XMa0-enriched | I11: {=C11/C$2/SUMPRODUCT(1/($C$2:$F$2),$C11:$F11)*100} -> 0 | J11: {=D11/D$2/SUMPRODUCT(1/($C$2:$F$2),$C11:$F11)*100} -> 50.521055 | K11: {=E11/E$2/SUMPRODUCT(1/($C$2:$F$2),$C11:$F11)*100} -> 24.71664 | L11: {=F11/F$2/SUMPRODUCT(1/($C$2:$F$2),$C11:$F11)*100} -> 24.762304 | N11: =SUM(I11:L11) -> 100
B12: Lee-XMa0.25-enriched | C12: 6.3 | D12: 44 | E12: 22.3 | F12: 27.5 | G12: =SUM(C12:F12) -> 100.1 | H12: Lee-XMa0.25-enriched | I12: {=C12/C$2/SUMPRODUCT(1/($C$2:$F$2),$C12:$F12)*100} -> 6.2310635 | J12: {=D12/D$2/SUMPRODUCT(1/($C$2:$F$2),$C12:$F12)*100} -> 50.424082 | K12: {=E12/E$2/SUMPRODUCT(1/($C$2:$F$2),$C12:$F12)*100} -> 24.774063 | L12: {=F12/F$2/SUMPRODUCT(1/($C$2:$F$2),$C12:$F12)*100} -> 18.570792 | N12: =SUM(I12:L12) -> 100
B13: Lee-Xa0.5-enriched | C13: 12.9 | D13: 45.3 | E13: 22.9 | F13: 18.9 | G13: =SUM(C13:F13) -> 100 | H13: Lee-Xa0.5-enriched | I13: {=C13/C$2/SUMPRODUCT(1/($C$2:$F$2),$C13:$F13)*100} -> 12.402091 | J13: {=D13/D$2/SUMPRODUCT(1/($C$2:$F$2),$C13:$F13)*100} -> 50.462307 | K13: {=E13/E$2/SUMPRODUCT(1/($C$2:$F$2),$C13:$F13)*100} -> 24.729278 | L13: {=F13/F$2/SUMPRODUCT(1/($C$2:$F$2),$C13:$F13)*100} -> 12.406324 | N13: =SUM(I13:L13) -> 100
B14: Lee-XMa0.75-enriched | C14: 19.9 | D14: 46.7 | E14: 23.6 | F14: 9.7 | G14: =SUM(C14:F14) -> 99.9 | H14: Lee-XMa0.75-enriched | I14: {=C14/C$2/SUMPRODUCT(1/($C$2:$F$2),$C14:$F14)*100} -> 18.573547 | J14: {=D14/D$2/SUMPRODUCT(1/($C$2:$F$2),$C14:$F14)*100} -> 50.503601 | K14: {=E14/E$2/SUMPRODUCT(1/($C$2:$F$2),$C14:$F14)*100} -> 24.741414 | L14: {=F14/F$2/SUMPRODUCT(1/($C$2:$F$2),$C14:$F14)*100} -> 6.1814393 | N14: =SUM(I14:L14) -> 100
B15: Lee-XMa1-enriched | C15: 27.4 | D15: 48.2 | E15: 24.4 | F15: 0 | G15: =SUM(C15:F15) -> 100 | H15: Lee-XMa1-enriched | I15: {=C15/C$2/SUMPRODUCT(1/($C$2:$F$2),$C15:$F15)*100} -> 24.76157 | J15: {=D15/D$2/SUMPRODUCT(1/($C$2:$F$2),$C15:$F15)*100} -> 50.470587 | K15: {=E15/E$2/SUMPRODUCT(1/($C$2:$F$2),$C15:$F15)*100} -> 24.767843 | L15: {=F15/F$2/SUMPRODUCT(1/($C$2:$F$2),$C15:$F15)*100} -> 0 | N15: =SUM(I15:L15) -> 100
B16: Lee-XRd0-non-enriched | C16: 0 | D16: 68.7 | E16: 11.8 | F16: 19.4 | G16: =SUM(C16:F16) -> 99.9 | H16: Lee-XRd0-non-enriched | I16: {=C16/C$2/SUMPRODUCT(1/($C$2:$F$2),$C16:$F16)*100} -> 0 | J16: {=D16/D$2/SUMPRODUCT(1/($C$2:$F$2),$C16:$F16)*100} -> 75.023905 | K16: {=E16/E$2/SUMPRODUCT(1/($C$2:$F$2),$C16:$F16)*100} -> 12.492 | L16: {=F16/F$2/SUMPRODUCT(1/($C$2:$F$2),$C16:$F16)*100} -> 12.484095 | N16: =SUM(I16:L16) -> 100
B17: Lee-XRd0.1-non-enriched | C17: 1.3 | D17: 69.2 | E17: 11.9 | F17: 17.6 | G17: =SUM(C17:F17) -> 100 | H17: Lee-XRd0.1-non-enriched | I17: {=C17/C$2/SUMPRODUCT(1/($C$2:$F$2),$C17:$F17)*100} -> 1.2164996 | J17: {=D17/D$2/SUMPRODUCT(1/($C$2:$F$2),$C17:$F17)*100} -> 75.030598 | K17: {=E17/E$2/SUMPRODUCT(1/($C$2:$F$2),$C17:$F17)*100} -> 12.507955 | L17: {=F17/F$2/SUMPRODUCT(1/($C$2:$F$2),$C17:$F17)*100} -> 11.244947 | N17: =SUM(I17:L17) -> 100
... B26: Lee-XRd1-enriched | C26: 13.9 | D26: 73.6 | E26: 12.4 | F26: 0 | G26: =SUM(C26:F26) -> 99.9 | H26: Lee-XRd1-enriched | I26: {=C26/C$2/SUMPRODUCT(1/($C$2:$F$2),$C26:$F26)*100} -> 12.289248 | J26: {=D26/D$2/SUMPRODUCT(1/($C$2:$F$2),$C26:$F26)*100} -> 75.396645 | K26: {=E26/E$2/SUMPRODUCT(1/($C$2:$F$2),$C26:$F26)*100} -> 12.314107 | L26: {=F26/F$2/SUMPRODUCT(1/($C$2:$F$2),$C26:$F26)*100} -> 0 | N26: =SUM(I26:L26) -> 100
A28: ref | B28: wt% | C28: SiO2 | D28: Al2O3 | E28: B2O3 | F28: MgO | G28: CaO | H28: SrO | I28: ZnO | J28: SnO2 | K28: Sb2O3 | L28: SUM | N28: mol% | O28: SiO2 | P28: Al2O3 | Q28: B2O3 | R28: MgO | S28: CaO | T28: SrO | U28: ZnO | V28: SnO2 | W28: Sb2O3 | X28: SUM
A29: Qianxing Huang, Jianlei Liu, Xi He, Taoyong Liu, Anxian Lu, Analysis of structure evolution and performance in alkali-free glass substrates via XPS and infrared: Boron-aluminum anomaly, Journal of Non-Crystalline Solids, Volume 555, 2021, 120531, ISSN 0022-3093, https://doi.org/10.1016/j.jnoncrysol.2020.120531. | B29: DPG0 | C29: 58.2 | D29: 21.8 | E29: 0 | F29: 4.7 | G29: 5.8 | H29: 8 | I29: 0.85 | J29: 0.2 | K29: 0.45 | L29: =SUM(C29:K29) -> 100 | N29: DPG0 | O29: {=C29/I$2/(SUMPRODUCT(1/$I$2:$Q$2,$C29:$K29))*100} -> 64.732594 | P29: {=D29/J$2/(SUMPRODUCT(1/$I$2:$Q$2,$C29:$K29))*100} -> 14.287917 | Q29: {=E29/K$2/(SUMPRODUCT(1/$I$2:$Q$2,$C29:$K29))*100} -> 0 | R29: {=F29/L$2/(SUMPRODUCT(1/$I$2:$Q$2,$C29:$K29))*100} -> 7.7929402 | S29: {=G29/M$2/(SUMPRODUCT(1/$I$2:$Q$2,$C29:$K29))*100} -> 6.9118588 | T29: {=H29/N$2/(SUMPRODUCT(1/$I$2:$Q$2,$C29:$K29))*100} -> 5.159416 | U29: {=I29/O$2/(SUMPRODUCT(1/$I$2:$Q$2,$C29:$K29))*100} -> 0.69800448 | V29: {=J29/P$2/(SUMPRODUCT(1/$I$2:$Q$2,$C29:$K29))*100} -> 0.08868354 | W29: {=K29/Q$2/(SUMPRODUCT(1/$I$2:$Q$2,$C29:$K29))*100} -> 0.32858531 | X29: =SUM(O29:W29) -> 100
B30: DPG2 | C30: 58.2 | D30: 19.8 | E30: 2 | F30: 4.7 | G30: 5.8 | H30: 8 | I30: 0.85 | J30: 0.2 | K30: 0.45 | L30: =SUM(C30:K30) -> 100 | N30: DPG2 | O30: {=C30/I$2/(SUMPRODUCT(1/$I$2:$Q$2,$C30:$K30))*100} -> 64.340741 | P30: {=D30/J$2/(SUMPRODUCT(1/$I$2:$Q$2,$C30:$K30))*100} -> 12.898544 | Q30: {=E30/K$2/(SUMPRODUCT(1/$I$2:$Q$2,$C30:$K30))*100} -> 1.9082241 | R30: {=F30/L$2/(SUMPRODUCT(1/$I$2:$Q$2,$C30:$K30))*100} -> 7.7457664 | S30: {=G30/M$2/(SUMPRODUCT(1/$I$2:$Q$2,$C30:$K30))*100} -> 6.8700185 | T30: {=H30/N$2/(SUMPRODUCT(1/$I$2:$Q$2,$C30:$K30))*100} -> 5.128184 | U30: {=I30/O$2/(SUMPRODUCT(1/$I$2:$Q$2,$C30:$K30))*100} -> 0.69377918 | V30: {=J30/P$2/(SUMPRODUCT(1/$I$2:$Q$2,$C30:$K30))*100} -> 0.088146702 | W30: {=K30/Q$2/(SUMPRODUCT(1/$I$2:$Q$2,$C30:$K30))*100} -> 0.32659624 | X30: =SUM(O30:W30) -> 100
B31: DPG4 | C31: 58.2 | D31: 17.8 | E31: 4 | F31: 4.7 | G31: 5.8 | H31: 8 | I31: 0.85 | J31: 0.2 | K31: 0.45 | L31: =SUM(C31:K31) -> 100 | N31: DPG4 | O31: {=C31/I$2/(SUMPRODUCT(1/$I$2:$Q$2,$C31:$K31))*100} -> 63.953604 | P31: {=D31/J$2/(SUMPRODUCT(1/$I$2:$Q$2,$C31:$K31))*100} -> 11.52589 | Q31: {=E31/K$2/(SUMPRODUCT(1/$I$2:$Q$2,$C31:$K31))*100} -> 3.7934847 | R31: {=F31/L$2/(SUMPRODUCT(1/$I$2:$Q$2,$C31:$K31))*100} -> 7.6991602 | S31: {=G31/M$2/(SUMPRODUCT(1/$I$2:$Q$2,$C31:$K31))*100} -> 6.8286817 | T31: {=H31/N$2/(SUMPRODUCT(1/$I$2:$Q$2,$C31:$K31))*100} -> 5.0973278 | U31: {=I31/O$2/(SUMPRODUCT(1/$I$2:$Q$2,$C31:$K31))*100} -> 0.68960472 | V31: {=J31/P$2/(SUMPRODUCT(1/$I$2:$Q$2,$C31:$K31))*100} -> 0.087616325 | W31: {=K31/Q$2/(SUMPRODUCT(1/$I$2:$Q$2,$C31:$K31))*100} -> 0.32463112 | X31: =SUM(O31:W31) -> 100
B32: DOG6 | C32: 58.2 | D32: 15.8 | E32: 6 | F32: 4.7 | G32: 5.8 | H32: 8 | I32: 0.85 | J32: 0.2 | K32: 0.45 | L32: =SUM(C32:K32) -> 100 | N32: DPG6 | O32: {=C32/I$2/(SUMPRODUCT(1/$I$2:$Q$2,$C32:$K32))*100} -> 63.571098 | P32: {=D32/J$2/(SUMPRODUCT(1/$I$2:$Q$2,$C32:$K32))*100} -> 10.169655 | Q32: {=E32/K$2/(SUMPRODUCT(1/$I$2:$Q$2,$C32:$K32))*100} -> 5.6561938 | R32: {=F32/L$2/(SUMPRODUCT(1/$I$2:$Q$2,$C32:$K32))*100} -> 7.6531115 | S32: {=G32/M$2/(SUMPRODUCT(1/$I$2:$Q$2,$C32:$K32))*100} -> 6.7878394 | T32: {=H32/N$2/(SUMPRODUCT(1/$I$2:$Q$2,$C32:$K32))*100} -> 5.0668407 | U32: {=I32/O$2/(SUMPRODUCT(1/$I$2:$Q$2,$C32:$K32))*100} -> 0.68548019 | V32: {=J32/P$2/(SUMPRODUCT(1/$I$2:$Q$2,$C32:$K32))*100} -> 0.087092292 | W32: {=K32/Q$2/(SUMPRODUCT(1/$I$2:$Q$2,$C32:$K32))*100} -> 0.3226895 | X32: =SUM(O32:W32) -> 100
B33: DPG8 | C33: 58.2 | D33: 13.8 | E33: 8 | F33: 4.7 | G33: 5.8 | H33: 8 | I33: 0.85 | J33: 0.2 | K33: 0.45 | L33: =SUM(C33:K33) -> 100 | N33: DPG8 | O33: {=C33/I$2/(SUMPRODUCT(1/$I$2:$Q$2,$C33:$K33))*100} -> 63.19314 | P33: {=D33/J$2/(SUMPRODUCT(1/$I$2:$Q$2,$C33:$K33))*100} -> 8.8295475 | Q33: {=E33/K$2/(SUMPRODUCT(1/$I$2:$Q$2,$C33:$K33))*100} -> 7.4967536 | R33: {=F33/L$2/(SUMPRODUCT(1/$I$2:$Q$2,$C33:$K33))*100} -> 7.6076104 | S33: {=G33/M$2/(SUMPRODUCT(1/$I$2:$Q$2,$C33:$K33))*100} -> 6.7474827 | T33: {=H33/N$2/(SUMPRODUCT(1/$I$2:$Q$2,$C33:$K33))*100} -> 5.0367161 | U33: {=I33/O$2/(SUMPRODUCT(1/$I$2:$Q$2,$C33:$K33))*100} -> 0.68140471 | V33: {=J33/P$2/(SUMPRODUCT(1/$I$2:$Q$2,$C33:$K33))*100} -> 0.08657449 | W33: {=K33/Q$2/(SUMPRODUCT(1/$I$2:$Q$2,$C33:$K33))*100} -> 0.32077097 | X33: =SUM(O33:W33) -> 100
A39: [(77 – x) B2O3 –x ZnO 22.7 Na2O– 0.3 CoO]
A40: 0 | B40: =77-0 -> 77 | C40: =77-A41 -> 72
A41: 5 | B41: 0 | C41: =A41 -> 5
A42: 10 | B42: 22.7
A43: 15 | B43: 0.3
A44: 20

Sheet EWG-CCP-127 (1)
C1: B2O3 | D1: SiO2 | E1: Na2O | F1: FeO | G1: Al2O3 | H1: B2O3 | I1: CaO | J1: Cr2O3 | K1: Fe2O3 | L1: K2O | M1: La2O3 | N1: MgO | O1: Na2O | P1: P2O5 | Q1: SO3 | R1: SiO2 | S1: TiO2 | T1: ZnO | U1: ZrO2 | V1: Li2O
B2: Molar weight (IUPAC 2018) | C2: =10.81*2+15.999*3 -> 69.617 | D2: =28.085+15.999*2 -> 60.083 | E2: =22.99*2+15.999 -> 61.979 | F2: =55.845+15.999 -> 71.844 | G2: =26.982*2+15.9994*3 -> 101.9622 | H2: =10.81*2+15.999*3 -> 69.617 | I2: =40.078+15.999 -> 56.077 | J2: =51.996*2+15.999*3 -> 151.989 | K2: =55.845*2+15.999*3 -> 159.687 | L2: =39.098*2+15.999 -> 94.195 | M2: =138.91*2+15.999*3 -> 325.817 | N2: =24.305+15.999 -> 40.304 | O2: =22.99*2+15.999 -> 61.979 | P2: =30.974*2+15.999*5 -> 141.943 | Q2: =32.06+15.999*3 -> 80.057 | R2: =28.085+15.999*2 -> 60.083 | S2: =47.867+15.999*2 -> 79.865 | T2: =65.38+15.999 -> 81.379 | U2: =91.224+15.999*2 -> 123.222 | V2: =6.94*2+15.999 -> 29.879
B4: wt% | C4: B2O3 | D4: SiO2 | E4: Na2O | F4: FeO | H4: mol% | I4: B2O3 | J4: SiO2 | K4: Na2O | L4: FeO | M4: SUM
A5: Cochain, B., et al. "Effects of the Iron Content and Redox State on the Structure of Sodium Borosilicate Glasses: AR aman, M össbauer and Boron K‐Edge XANES Spectroscopy Study." Journal of the American Ceramic Society 95.3 (2012): 962-971. | B5: NBF67.18.0 | C5: 19.36 | D5: 66.9 | E5: 13.65 | F5: 0 | H5: NBF67.18.0 | I5: {=C5/C$2/SUMPRODUCT(1/($C$2:$F$2),$C5:$F5)*100} -> 17.253689 | J5: =D5/D$2/SUMPRODUCT(1/($C$2:$F$2),$C5:$F5)*100 -> 69.082243 | K5: =E5/E$2/SUMPRODUCT(1/($C$2:$F$2),$C5:$F5)*100 -> 13.664068 | L5: =F5/F$2/SUMPRODUCT(1/($C$2:$F$2),$C5:$F5)*100 -> 0 | M5: =SUM(I5:L5) -> 100
B6: NBF67.18.1 | C6: 19.49 | D6: 64.46 | E6: 12.31 | F6: 1.19 | H6: NBF67.18.1 | I6: =C6/C$2/SUMPRODUCT(1/($C$2:$F$2),$C6:$F6)*100 -> 17.854741 | J6: =D6/D$2/SUMPRODUCT(1/($C$2:$F$2),$C6:$F6)*100 -> 68.421991 | K6: =E6/E$2/SUMPRODUCT(1/($C$2:$F$2),$C6:$F6)*100 -> 12.666905 | L6: =F6/F$2/SUMPRODUCT(1/($C$2:$F$2),$C6:$F6)*100 -> 1.0563637 | M6: =SUM(I6:L6) -> 100
B7: NBF67.18.1-R5 | C7: 20.01 | D7: 64.66 | E7: 13.05 | F7: 1.14 | H7: NBF67.18.1-R5 | I7: =C7/C$2/SUMPRODUCT(1/($C$2:$F$2),$C7:$F7)*100 -> 18.076997 | J7: =D7/D$2/SUMPRODUCT(1/($C$2:$F$2),$C7:$F7)*100 -> 67.682843 | K7: =E7/E$2/SUMPRODUCT(1/($C$2:$F$2),$C7:$F7)*100 -> 13.242209 | L7: =F7/F$2/SUMPRODUCT(1/($C$2:$F$2),$C7:$F7)*100 -> 0.99795016 | M7: =SUM(I7:L7) -> 100
B8: NBF67.18.1-R12 | C8: 19.94 | D8: 63.87 | E8: 12.77 | F8: 1.16 | H8: NBF67.18.1-R12 | I8: =C8/C$2/SUMPRODUCT(1/($C$2:$F$2),$C8:$F8)*100 -> 18.224579 | J8: =D8/D$2/SUMPRODUCT(1/($C$2:$F$2),$C8:$F8)*100 -> 67.638342 | K8: =E8/E$2/SUMPRODUCT(1/($C$2:$F$2),$C8:$F8)*100 -> 13.109737 | L8: =F8/F$2/SUMPRODUCT(1/($C$2:$F$2),$C8:$F8)*100 -> 1.0273422 | M8: =SUM(I8:L8) -> 100
B9: NBF67.18.5-800 | C9: 19.84 | D9: 61.82 | E9: 12.88 | F9: 5.45 | H9: NBF67.18.5-800 | I9: =C9/C$2/SUMPRODUCT(1/($C$2:$F$2),$C9:$F9)*100 -> 17.838845 | J9: =D9/D$2/SUMPRODUCT(1/($C$2:$F$2),$C9:$F9)*100 -> 64.40473 | K9: =E9/E$2/SUMPRODUCT(1/($C$2:$F$2),$C9:$F9)*100 -> 13.008034 | L9: =F9/F$2/SUMPRODUCT(1/($C$2:$F$2),$C9:$F9)*100 -> 4.7483899 | M9: =SUM(I9:L9) -> 100
B10: NBF67.18.5-700 | C10: 18.93 | D10: 62.03 | E10: 11.75 | F10: 5.77 | H10: NBF67.18.5-700 | I10: =C10/C$2/SUMPRODUCT(1/($C$2:$F$2),$C10:$F10)*100 -> 17.273141 | J10: =D10/D$2/SUMPRODUCT(1/($C$2:$F$2),$C10:$F10)*100 -> 65.582232 | K10: =E10/E$2/SUMPRODUCT(1/($C$2:$F$2),$C10:$F10)*100 -> 12.042851 | L10: =F10/F$2/SUMPRODUCT(1/($C$2:$F$2),$C10:$F10)*100 -> 5.1017753 | M10: =SUM(I10:L10) -> 100
B11: NBF67.18.5 | C11: 19.57 | D11: 61.78 | E11: 12.99 | F11: 5.74 | H11: NBF67.18.5 | I11: =C11/C$2/SUMPRODUCT(1/($C$2:$F$2),$C11:$F11)*100 -> 17.582132 | J11: =D11/D$2/SUMPRODUCT(1/($C$2:$F$2),$C11:$F11)*100 -> 64.312045 | K11: =E11/E$2/SUMPRODUCT(1/($C$2:$F$2),$C11:$F11)*100 -> 13.10873 | L11: =F11/F$2/SUMPRODUCT(1/($C$2:$F$2),$C11:$F11)*100 -> 4.9970928 | M11: =SUM(I11:L11) -> 100
B12: NBF67.18.5-R5 | C12: 18.73 | D12: 62.09 | E12: 12.76 | F12: 5.66 | H12: NBF67.18.5-R5 | I12: =C12/C$2/SUMPRODUCT(1/($C$2:$F$2),$C12:$F12)*100 -> 16.951836 | J12: =D12/D$2/SUMPRODUCT(1/($C$2:$F$2),$C12:$F12)*100 -> 65.112492 | K12: =E12/E$2/SUMPRODUCT(1/($C$2:$F$2),$C12:$F12)*100 -> 12.971804 | L12: =F12/F$2/SUMPRODUCT(1/($C$2:$F$2),$C12:$F12)*100 -> 4.9638677 | M12: =SUM(I12:L12) -> 100
B13: NBF67.18.5-R9 | C13: 19.01 | D13: 61.31 | E13: 12.23 | F13: 5.88 | H13: NBF67.18.5-R9 | I13: =C13/C$2/SUMPRODUCT(1/($C$2:$F$2),$C13:$F13)*100 -> 17.363331 | J13: =D13/D$2/SUMPRODUCT(1/($C$2:$F$2),$C13:$F13)*100 -> 64.885243 | K13: =E13/E$2/SUMPRODUCT(1/($C$2:$F$2),$C13:$F13)*100 -> 12.547238 | L13: =F13/F$2/SUMPRODUCT(1/($C$2:$F$2),$C13:$F13)*100 -> 5.2041889 | M13: =SUM(I13:L13) -> 100
B14: NBF67.18.5-R15 | C14: 18.84 | D14: 62 | E14: 11.98 | F14: 5.74 | H14: NBF67.18.5-R15 | I14: =C14/C$2/SUMPRODUCT(1/($C$2:$F$2),$C14:$F14)*100 -> 17.17464 | J14: =D14/D$2/SUMPRODUCT(1/($C$2:$F$2),$C14:$F14)*100 -> 65.488061 | K14: =E14/E$2/SUMPRODUCT(1/($C$2:$F$2),$C14:$F14)*100 -> 12.266885 | L14: =F14/F$2/SUMPRODUCT(1/($C$2:$F$2),$C14:$F14)*100 -> 5.0704142 | M14: =SUM(I14:L14) -> 100
B15: NBF67.18.5-R17 | C15: 19.07 | D15: 62.81 | E15: 12.83 | F15: 5.6 | H15: NBF67.18.5-R17 | I15: =C15/C$2/SUMPRODUCT(1/($C$2:$F$2),$C15:$F15)*100 -> 17.074924 | J15: =D15/D$2/SUMPRODUCT(1/($C$2:$F$2),$C15:$F15)*100 -> 65.162927 | K15: =E15/E$2/SUMPRODUCT(1/($C$2:$F$2),$C15:$F15)*100 -> 12.90344 | L15: =F15/F$2/SUMPRODUCT(1/($C$2:$F$2),$C15:$F15)*100 -> 4.8587094 | M15: =SUM(I15:L15) -> 100
B16: NBF67.18.10-800 | C16: 18 | D16: 58.38 | E16: 10.74 | F16: 11.4 | H16: NBF67.18.10-800 | I16: =C16/C$2/SUMPRODUCT(1/($C$2:$F$2),$C16:$F16)*100 -> 16.551124 | J16: =D16/D$2/SUMPRODUCT(1/($C$2:$F$2),$C16:$F16)*100 -> 62.198912 | K16: =E16/E$2/SUMPRODUCT(1/($C$2:$F$2),$C16:$F16)*100 -> 11.092515 | L16: =F16/F$2/SUMPRODUCT(1/($C$2:$F$2),$C16:$F16)*100 -> 10.157449 | M16: =SUM(I16:L16) -> 100
B17: NBF67.18.10-800 | C17: 18.23 | D17: 58.17 | E17: 12 | F17: 11.51 | H17: NBF67.18.10-800 | I17: =C17/C$2/SUMPRODUCT(1/($C$2:$F$2),$C17:$F17)*100 -> 16.533275 | J17: =D17/D$2/SUMPRODUCT(1/($C$2:$F$2),$C17:$F17)*100 -> 61.127268 | K17: =E17/E$2/SUMPRODUCT(1/($C$2:$F$2),$C17:$F17)*100 -> 12.224306 | L17: =F17/F$2/SUMPRODUCT(1/($C$2:$F$2),$C17:$F17)*100 -> 10.115151 | M17: =SUM(I17:L17) -> 100
... B19: NBF67.18.10-R15 | C19: 18.09 | D19: 59.12 | E19: 11.6 | F19: 11.35 | H19: NBF67.18.10-R15 | I19: =C19/C$2/SUMPRODUCT(1/($C$2:$F$2),$C19:$F19)*100 -> 16.353445 | J19: =D19/D$2/SUMPRODUCT(1/($C$2:$F$2),$C19:$F19)*100 -> 61.925397 | K19: =E19/E$2/SUMPRODUCT(1/($C$2:$F$2),$C19:$F19)*100 -> 11.778756 | L19: =F19/F$2/SUMPRODUCT(1/($C$2:$F$2),$C19:$F19)*100 -> 9.9424025 | M19: =SUM(I19:L19) -> 100
A22: Icenhower, Jonathan P., et al. "Experimentally determined dissolution kinetics of Na-rich borosilicate glass at far from equilibrium conditions: implications for transition state theory." Geochimica et Cosmochimica Acta 72.12 (2008): 2767-2788. | B22: wt% | C22: Al2O3 | D22: B2O3 | E22: CaO | F22: Cr2O3 | G22: Fe2O3 | H22: K2O | I22: La2O3 | J22: MgO | K22: Na2O | L22: P2O5 | M22: SO3 | N22: SiO2 | O22: TiO2 | P22: ZnO | Q22: ZrO2 | R22: sum
B23: LAWA44 | C23: 6.2 | D23: 8.9 | E23: 1.99 | F23: 0.02 | G23: 6.98 | H23: 0.5 | J23: 1.99 | K23: 20 | L23: 0.03 | M23: 0.1 | N23: 44.55 | O23: 1.99 | P23: 2.96 | Q23: 2.99 | R23: =SUM(C23:Q23) -> 99.2
B24: LAWABP1 | C24: 10 | D24: 9.25 | F24: 0.02 | G24: 2.5 | H24: 2.2 | I24: 2 | J24: 1 | K24: 20 | L24: 0.08 | M24: 0.1 | N24: 41.89 | O24: 2.49 | P24: 2.6 | Q24: 5.25 | R24: =SUM(C24:Q24) -> 99.38
B25: HLP-9 | C25: 6.84 | D25: 12 | E25: 0.01 | F25: 0.07 | G25: 5.38 | H25: 0.4 | J25: 1.47 | K25: 19.56 | L25: 0.05 | M25: 0.07 | N25: 47.98 | O25: 2.93 | P25: 1.47 | Q25: 1.47 | R25: =SUM(C25:Q25) -> 99.7
B26: mol% | C26: Al2O3 | D26: B2O3 | E26: CaO | F26: Cr2O3 | G26: Fe2O3 | H26: K2O | I26: La2O3 | J26: MgO | K26: Na2O | L26: P2O5 | M26: SO3 | N26: SiO2 | O26: TiO2 | P26: ZnO | Q26: ZrO2 | R26: sum
B27: LAWA44 | C27: {=C23/G$2/SUMPRODUCT($C23:$Q23,1/($G$2:$U$2))*100} -> 4.12574 | D27: =D23/H$2/SUMPRODUCT($C23:$Q23,1/($G$2:$U$2))*100 -> 8.6740929 | E27: =E23/I$2/SUMPRODUCT($C23:$Q23,1/($G$2:$U$2))*100 -> 2.4077848 | F27: =F23/J$2/SUMPRODUCT($C23:$Q23,1/($G$2:$U$2))*100 -> 0.0089282677 | G27: =G23/K$2/SUMPRODUCT($C23:$Q23,1/($G$2:$U$2))*100 -> 2.9657547 | H27: =H23/L$2/SUMPRODUCT($C23:$Q23,1/($G$2:$U$2))*100 -> 0.36015672 | I27: =I23/M$2/SUMPRODUCT($C23:$Q23,1/($G$2:$U$2))*100 -> 0 | J27: =J23/N$2/SUMPRODUCT($C23:$Q23,1/($G$2:$U$2))*100 -> 3.3500732 | K27: =K23/O$2/SUMPRODUCT($C23:$Q23,1/($G$2:$U$2))*100 -> 21.894488 | ... Q27: =Q23/U$2/SUMPRODUCT($C23:$Q23,1/($G$2:$U$2))*100 -> 1.6463884 | R27: =SUM(C27:Q27) -> 100
B28: LAWABP1 | C28: =C24/G$2/SUMPRODUCT($C24:$Q24,1/($G$2:$U$2))*100 -> 6.8657477 | D28: =D24/H$2/SUMPRODUCT($C24:$Q24,1/($G$2:$U$2))*100 -> 9.3015102 | E28: =E24/I$2/SUMPRODUCT($C24:$Q24,1/($G$2:$U$2))*100 -> 0 | F28: =F24/J$2/SUMPRODUCT($C24:$Q24,1/($G$2:$U$2))*100 -> 0.0092118079 | G28: =G24/K$2/SUMPRODUCT($C24:$Q24,1/($G$2:$U$2))*100 -> 1.095967 | H28: =H24/L$2/SUMPRODUCT($C24:$Q24,1/($G$2:$U$2))*100 -> 1.6350155 | I28: =I24/M$2/SUMPRODUCT($C24:$Q24,1/($G$2:$U$2))*100 -> 0.42971775 | J28: =J24/N$2/SUMPRODUCT($C24:$Q24,1/($G$2:$U$2))*100 -> 1.7369163 | ... Q28: =Q24/U$2/SUMPRODUCT($C24:$Q24,1/($G$2:$U$2))*100 -> 2.9826211 | R28: =SUM(C28:Q28) -> 100
B29: HLP-9 | C29: =C25/G$2/SUMPRODUCT($C25:$Q25,1/($G$2:$U$2))*100 -> 4.4825133 | D29: =D25/H$2/SUMPRODUCT($C25:$Q25,1/($G$2:$U$2))*100 -> 11.517829 | E29: =E25/I$2/SUMPRODUCT($C25:$Q25,1/($G$2:$U$2))*100 -> 0.011915709 | F29: =F25/J$2/SUMPRODUCT($C25:$Q25,1/($G$2:$U$2))*100 -> 0.030774468 | G29: =G25/K$2/SUMPRODUCT($C25:$Q25,1/($G$2:$U$2))*100 -> 2.2512172 | H29: =H25/L$2/SUMPRODUCT($C25:$Q25,1/($G$2:$U$2))*100 -> 0.28375062 | I29: =I25/M$2/SUMPRODUCT($C25:$Q25,1/($G$2:$U$2))*100 -> 0 | J29: =J25/N$2/SUMPRODUCT($C25:$Q25,1/($G$2:$U$2))*100 -> 2.4371029 | ... Q29: =Q25/U$2/SUMPRODUCT($C25:$Q25,1/($G$2:$U$2))*100 -> 0.79713845 | R29: =SUM(C29:Q29) -> 100
A31: Pierce, Eric M., et al. "Aluminoborosilicate waste glass dissolution under alkaline conditions at 40° C: implications for a chemical affinity-based rate equation." Environmental Chemistry 5.1 (2008): 73-85. | B31: wt% | C31: Al2O3 | D31: B2O3 | E31: CaO | F31: Cr2O3 | G31: Fe2O3 | H31: K2O | I31: La2O3 | J31: MgO | K31: Na2O | L31: P2O5 | M31: SO3 | N31: SiO2 | O31: TiO2 | P31: ZnO | Q31: ZrO2 | R31: Li2O | S31: sum
B32: LAWE-1A | C32: 6.1 | D32: 10 | E32: 2.03 | G32: 5.5 | H32: 3.73 | J32: 1.48 | K32: 19.05 | N32: 43.2 | O32: 1.4 | P32: 3.5 | Q32: 3 | S32: =SUM(C32:R32) -> 98.99
B33: LAWE-95A | C33: 6.1 | D33: 10 | E33: 6.94 | G33: 5.5 | H33: 0.241 | J33: 2.6 | K33: 7.75 | N33: 47.9 | O33: 1.4 | P33: 3.5 | Q33: 3 | R33: 4.18 | S33: =SUM(C33:R33) -> 99.111
B34: LAWE-290A | C34: 6.1 | D34: 10 | E34: 5.93 | G34: 5.5 | H34: 0.087 | J34: 1.49 | K34: 14.1 | N34: 44.8 | O34: 1.4 | P34: 3.5 | Q34: 3 | R34: 2.75 | S34: =SUM(C34:R34) -> 98.657
B35: mol% | C35: Al2O3 | D35: B2O3 | E35: CaO | F35: Cr2O3 | G35: Fe2O3 | H35: K2O | I35: La2O3 | J35: MgO | K35: Na2O | L35: P2O5 | M35: SO3 | N35: SiO2 | O35: TiO2 | P35: ZnO | Q35: ZrO2 | R35: Li2O | S35: sum
B36: LAWE-1A | C36: =C32/G$2/SUMPRODUCT($C32:$R32,1/($G$2:$V$2))*100 -> 4.0929581 | D36: =D32/H$2/SUMPRODUCT($C32:$R32,1/($G$2:$V$2))*100 -> 9.8272355 | E36: =E32/I$2/SUMPRODUCT($C32:$R32,1/($G$2:$V$2))*100 -> 2.4766118 | F36: =F32/J$2/SUMPRODUCT($C32:$R32,1/($G$2:$V$2))*100 -> 0 | G36: =G32/K$2/SUMPRODUCT($C32:$R32,1/($G$2:$V$2))*100 -> 2.35635 | H36: =H32/L$2/SUMPRODUCT($C32:$R32,1/($G$2:$V$2))*100 -> 2.7091163 | I36: =I32/M$2/SUMPRODUCT($C32:$R32,1/($G$2:$V$2))*100 -> 0 | J36: =J32/N$2/SUMPRODUCT($C32:$R32,1/($G$2:$V$2))*100 -> 2.5122348 | ... R36: =R32/V$2/SUMPRODUCT($C32:$R32,1/($G$2:$V$2))*100 -> 0 | S36: =SUM(C36:R36) -> 100
B37: LAWE-95A | C37: =C33/G$2/SUMPRODUCT($C33:$R33,1/($G$2:$V$2))*100 -> 3.7965701 | D37: =D33/H$2/SUMPRODUCT($C33:$R33,1/($G$2:$V$2))*100 -> 9.1156047 | E37: =E33/I$2/SUMPRODUCT($C33:$R33,1/($G$2:$V$2))*100 -> 7.8537213 | F37: =F33/J$2/SUMPRODUCT($C33:$R33,1/($G$2:$V$2))*100 -> 0 | G37: =G33/K$2/SUMPRODUCT($C33:$R33,1/($G$2:$V$2))*100 -> 2.1857169 | H37: =H33/L$2/SUMPRODUCT($C33:$R33,1/($G$2:$V$2))*100 -> 0.16236409 | I37: =I33/M$2/SUMPRODUCT($C33:$R33,1/($G$2:$V$2))*100 -> 0 | J37: =J33/N$2/SUMPRODUCT($C33:$R33,1/($G$2:$V$2))*100 -> 4.093794 | ... R37: =R33/V$2/SUMPRODUCT($C33:$R33,1/($G$2:$V$2))*100 -> 8.8779156 | S37: =SUM(C37:R37) -> 100
B38: LAWE-290A | C38: =C34/G$2/SUMPRODUCT($C34:$R34,1/($G$2:$V$2))*100 -> 3.9061028 | D38: =D34/H$2/SUMPRODUCT($C34:$R34,1/($G$2:$V$2))*100 -> 9.3785939 | E38: =E34/I$2/SUMPRODUCT($C34:$R34,1/($G$2:$V$2))*100 -> 6.9043525 | F38: =F34/J$2/SUMPRODUCT($C34:$R34,1/($G$2:$V$2))*100 -> 0 | G38: =G34/K$2/SUMPRODUCT($C34:$R34,1/($G$2:$V$2))*100 -> 2.2487758 | H38: =H34/L$2/SUMPRODUCT($C34:$R34,1/($G$2:$V$2))*100 -> 0.060303766 | I38: =I34/M$2/SUMPRODUCT($C34:$R34,1/($G$2:$V$2))*100 -> 0 | J38: =J34/N$2/SUMPRODUCT($C34:$R34,1/($G$2:$V$2))*100 -> 2.4137437 | ... R38: =R34/V$2/SUMPRODUCT($C34:$R34,1/($G$2:$V$2))*100 -> 6.0092417 | S38: =SUM(C38:R38) -> 100
C40: K=SiO2/B2O3 | D40: R=Na2O/B2O3 | K40: Mol%
A41: Yun, Y. H., and P. J. Bray. "Nuclear magnetic resonance studies of the glasses in the system Na2O-B2O3-SiO2." Journal of Non-Crystalline Solids 27.3 (1978): 363-380. | B41: Sample No. | C41: K | D41: R | E41: N4 | G41: SiO2 | H41: Na2O | I41: B2O3 | K41: SiO2 | L41: Na2O | M41: B2O3 | N41: sum
B42: a) | C42: 0 | D42: 0.11 | E42: =F42*100 -> 11.6 | F42: 0.116 | G42: =C42 -> 0 | H42: =D42 -> 0.11 | I42: 1 | K42: =G42/SUM($G42:$I42)*100 -> 0 | L42: =H42/SUM($G42:$I42)*100 -> 9.9099099 | M42: =I42/SUM($G42:$I42)*100 -> 90.09009 | N42: =SUM(K42:M42) -> 100
B43: a) | C43: 0 | D43: 0.177 | E43: =F43*100 -> 16 | F43: 0.16 | G43: =C43 -> 0 | H43: =D43 -> 0.177 | I43: 1 | K43: =G43/SUM($G43:$I43)*100 -> 0 | L43: =H43/SUM($G43:$I43)*100 -> 15.038233 | M43: =I43/SUM($G43:$I43)*100 -> 84.961767 | N43: =SUM(K43:M43) -> 100
B44: a) | C44: 0 | D44: 0.205 | E44: =F44*100 -> 22.5 | F44: 0.225 | G44: =C44 -> 0 | H44: =D44 -> 0.205 | I44: 1 | K44: =G44/SUM($G44:$I44)*100 -> 0 | L44: =H44/SUM($G44:$I44)*100 -> 17.012448 | M44: =I44/SUM($G44:$I44)*100 -> 82.987552 | N44: =SUM(K44:M44) -> 100
B45: a) | C45: 0 | D45: 0.25 | E45: =F45*100 -> 28 | F45: 0.28 | G45: =C45 -> 0 | H45: =D45 -> 0.25 | I45: 1 | K45: =G45/SUM($G45:$I45)*100 -> 0 | L45: =H45/SUM($G45:$I45)*100 -> 20 | M45: =I45/SUM($G45:$I45)*100 -> 80 | N45: =SUM(K45:M45) -> 100
B46: a) | C46: 0 | D46: 0.282 | E46: =F46*100 -> 27.5 | F46: 0.275 | G46: =C46 -> 0 | H46: =D46 -> 0.282 | I46: 1 | K46: =G46/SUM($G46:$I46)*100 -> 0 | L46: =H46/SUM($G46:$I46)*100 -> 21.99688 | M46: =I46/SUM($G46:$I46)*100 -> 78.00312 | N46: =SUM(K46:M46) -> 100
B47: a) | C47: 0 | D47: 0.333 | E47: =F47*100 -> 38 | F47: 0.38 | G47: =C47 -> 0 | H47: =D47 -> 0.333 | I47: 1 | K47: =G47/SUM($G47:$I47)*100 -> 0 | L47: =H47/SUM($G47:$I47)*100 -> 24.981245 | M47: =I47/SUM($G47:$I47)*100 -> 75.018755 | N47: =SUM(K47:M47) -> 100
B48: a) | C48: 0 | D48: 0.37 | E48: =F48*100 -> 34 | F48: 0.34 | G48: =C48 -> 0 | H48: =D48 -> 0.37 | I48: 1 | K48: =G48/SUM($G48:$I48)*100 -> 0 | L48: =H48/SUM($G48:$I48)*100 -> 27.007299 | M48: =I48/SUM($G48:$I48)*100 -> 72.992701 | N48: =SUM(K48:M48) -> 100
B49: a) | C49: 0 | D49: 0.408 | E49: =F49*100 -> 38 | F49: 0.38 | G49: =C49 -> 0 | H49: =D49 -> 0.408 | I49: 1 | K49: =G49/SUM($G49:$I49)*100 -> 0 | L49: =H49/SUM($G49:$I49)*100 -> 28.977273 | M49: =I49/SUM($G49:$I49)*100 -> 71.022727 | N49: =SUM(K49:M49) -> 100
B50: a) | C50: 0 | D50: 0.45 | E50: =F50*100 -> 42 | F50: 0.42 | G50: =C50 -> 0 | H50: =D50 -> 0.45 | I50: 1 | K50: =G50/SUM($G50:$I50)*100 -> 0 | L50: =H50/SUM($G50:$I50)*100 -> 31.034483 | M50: =I50/SUM($G50:$I50)*100 -> 68.965517 | N50: =SUM(K50:M50) -> 100
B51: a) | C51: 0 | D51: 0.5 | E51: =F51*100 -> 43 | F51: 0.43 | G51: =C51 -> 0 | H51: =D51 -> 0.5 | I51: 1 | K51: =G51/SUM($G51:$I51)*100 -> 0 | L51: =H51/SUM($G51:$I51)*100 -> 33.333333 | M51: =I51/SUM($G51:$I51)*100 -> 66.666667 | N51: =SUM(K51:M51) -> 100
B52: a) | C52: 0 | D52: 0.667 | E52: =F52*100 -> 44.5 | F52: 0.445 | G52: =C52 -> 0 | H52: =D52 -> 0.667 | I52: 1 | K52: =G52/SUM($G52:$I52)*100 -> 0 | L52: =H52/SUM($G52:$I52)*100 -> 40.011998 | M52: =I52/SUM($G52:$I52)*100 -> 59.988002 | N52: =SUM(K52:M52) -> 100
B53: a) | C53: 0 | D53: 1.85 | E53: =F53*100 -> 9.7 | F53: 0.097 | G53: =C53 -> 0 | H53: =D53 -> 1.85 | I53: 1 | K53: =G53/SUM($G53:$I53)*100 -> 0 | L53: =H53/SUM($G53:$I53)*100 -> 64.912281 | M53: =I53/SUM($G53:$I53)*100 -> 35.087719 | N53: =SUM(K53:M53) -> 100
... B55: a) | C55: 0 | D55: 2.33 | E55: =F55*100 -> 2.9 | F55: 0.029 | G55: =C55 -> 0 | H55: =D55 -> 2.33 | I55: 1 | K55: =G55/SUM($G55:$I55)*100 -> 0 | L55: =H55/SUM($G55:$I55)*100 -> 69.96997 | M55: =I55/SUM($G55:$I55)*100 -> 30.03003 | N55: =SUM(K55:M55) -> 100
B56: 1 | C56: 0.5 | D56: 0.1 | E56: =F56*100 -> 11 | F56: 0.11 | G56: =C56 -> 0.5 | H56: =D56 -> 0.1 | I56: 1 | K56: =G56/SUM($G56:$I56)*100 -> 31.25 | L56: =H56/SUM($G56:$I56)*100 -> 6.25 | M56: =I56/SUM($G56:$I56)*100 -> 62.5 | N56: =SUM(K56:M56) -> 100
B57: 2 | C57: 0.5 | D57: 0.2 | E57: =F57*100 -> 21 | F57: 0.21 | G57: =C57 -> 0.5 | H57: =D57 -> 0.2 | I57: 1 | K57: =G57/SUM($G57:$I57)*100 -> 29.411765 | L57: =H57/SUM($G57:$I57)*100 -> 11.764706 | M57: =I57/SUM($G57:$I57)*100 -> 58.823529 | N57: =SUM(K57:M57) -> 100
B58: 3 | C58: 0.5 | D58: 0.33 | E58: =F58*100 -> 33 | F58: 0.33 | G58: =C58 -> 0.5 | H58: =D58 -> 0.33 | I58: 1 | K58: =G58/SUM($G58:$I58)*100 -> 27.322404 | L58: =H58/SUM($G58:$I58)*100 -> 18.032787 | M58: =I58/SUM($G58:$I58)*100 -> 54.644809 | N58: =SUM(K58:M58) -> 100
B59: 4 | C59: 0.5 | D59: 0.5 | E59: =F59*100 -> 45 | F59: 0.45 | G59: =C59 -> 0.5 | H59: =D59 -> 0.5 | I59: 1 | K59: =G59/SUM($G59:$I59)*100 -> 25 | L59: =H59/SUM($G59:$I59)*100 -> 25 | M59: =I59/SUM($G59:$I59)*100 -> 50 | N59: =SUM(K59:M59) -> 100
B60: 5 | C60: 0.5 | D60: 0.6 | E60: =F60*100 -> 50 | F60: 0.5 | G60: =C60 -> 0.5 | H60: =D60 -> 0.6 | I60: 1 | K60: =G60/SUM($G60:$I60)*100 -> 23.809524 | L60: =H60/SUM($G60:$I60)*100 -> 28.571429 | M60: =I60/SUM($G60:$I60)*100 -> 47.619048 | N60: =SUM(K60:M60) -> 100
B61: 6 | C61: 0.5 | D61: 0.7 | E61: =F61*100 -> 49 | F61: 0.49 | G61: =C61 -> 0.5 | H61: =D61 -> 0.7 | I61: 1 | K61: =G61/SUM($G61:$I61)*100 -> 22.727273 | L61: =H61/SUM($G61:$I61)*100 -> 31.818182 | M61: =I61/SUM($G61:$I61)*100 -> 45.454545 | N61: =SUM(K61:M61) -> 100
B62: 7 | C62: 0.5 | D62: 0.8 | E62: =F62*100 -> 47 | F62: 0.47 | G62: =C62 -> 0.5 | H62: =D62 -> 0.8 | I62: 1 | K62: =G62/SUM($G62:$I62)*100 -> 21.73913 | L62: =H62/SUM($G62:$I62)*100 -> 34.782609 | M62: =I62/SUM($G62:$I62)*100 -> 43.478261 | N62: =SUM(K62:M62) -> 100
B63: 8 | C63: 0.5 | D63: 0.9 | E63: =F63*100 -> 45 | F63: 0.45 | G63: =C63 -> 0.5 | H63: =D63 -> 0.9 | I63: 1 | K63: =G63/SUM($G63:$I63)*100 -> 20.833333 | L63: =H63/SUM($G63:$I63)*100 -> 37.5 | M63: =I63/SUM($G63:$I63)*100 -> 41.666667 | N63: =SUM(K63:M63) -> 100
B64: 9 | C64: 0.5 | D64: 1 | E64: =F64*100 -> 41 | F64: 0.41 | G64: =C64 -> 0.5 | H64: =D64 -> 1 | I64: 1 | K64: =G64/SUM($G64:$I64)*100 -> 20 | L64: =H64/SUM($G64:$I64)*100 -> 40 | M64: =I64/SUM($G64:$I64)*100 -> 40 | N64: =SUM(K64:M64) -> 100
B65: 10 | C65: 1 | D65: 0.11 | E65: =F65*100 -> 12 | F65: 0.12 | G65: =C65 -> 1 | H65: =D65 -> 0.11 | I65: 1 | K65: =G65/SUM($G65:$I65)*100 -> 47.393365 | L65: =H65/SUM($G65:$I65)*100 -> 5.2132701 | M65: =I65/SUM($G65:$I65)*100 -> 47.393365 | N65: =SUM(K65:M65) -> 100
B66: 11 | C66: 1 | D66: 0.2 | E66: =F66*100 -> 22 | F66: 0.22 | G66: =C66 -> 1 | H66: =D66 -> 0.2 | I66: 1 | K66: =G66/SUM($G66:$I66)*100 -> 45.454545 | L66: =H66/SUM($G66:$I66)*100 -> 9.0909091 | M66: =I66/SUM($G66:$I66)*100 -> 45.454545 | N66: =SUM(K66:M66) -> 100
B67: 12 | C67: 1 | D67: 0.33 | E67: =F67*100 -> 35 | F67: 0.35 | G67: =C67 -> 1 | H67: =D67 -> 0.33 | I67: 1 | K67: =G67/SUM($G67:$I67)*100 -> 42.918455 | L67: =H67/SUM($G67:$I67)*100 -> 14.16309 | M67: =I67/SUM($G67:$I67)*100 -> 42.918455 | N67: =SUM(K67:M67) -> 100
... B91: 36 | C91: 3 | D91: 3 | E91: =F91*100 -> 44 | F91: 0.44 | G91: =C91 -> 3 | H91: =D91 -> 3 | I91: 1 | K91: =G91/SUM($G91:$I91)*100 -> 42.857143 | L91: =H91/SUM($G91:$I91)*100 -> 42.857143 | M91: =I91/SUM($G91:$I91)*100 -> 14.285714 | N91: =SUM(K91:M91) -> 100
C94: K=SiO2/B2O3 | D94: R=Na2O/B2O3 | E94: N4 | G94: SiO2 | H94: Na2O | I94: B2O3 | J94: mol% | K94: SiO2 | L94: Na2O | M94: B2O3 | N94: Sum
A95: Roderick, J. M., et al. "Density–structure relations in mixed-alkali borosilicate glasses by 29Si and 11B MAS–NMR." Journal of non-crystalline solids 293 (2001): 746-751. | C95: 1 | D95: 0.2 | E95: =F95*100 -> 25 | F95: 0.25 | G95: =C95 -> 1 | H95: =D95 -> 0.2 | I95: 1 | K95: =G95/SUM($G95:$I95)*100 -> 45.454545 | L95: =H95/SUM($G95:$I95)*100 -> 9.0909091 | M95: =I95/SUM($G95:$I95)*100 -> 45.454545 | N95: =SUM(K95:M95) -> 100
C96: 1 | D96: 0.32 | E96: =F96*100 -> 34 | F96: 0.34 | G96: =C96 -> 1 | H96: =D96 -> 0.32 | I96: 1 | K96: =G96/SUM($G96:$I96)*100 -> 43.103448 | L96: =H96/SUM($G96:$I96)*100 -> 13.793103 | M96: =I96/SUM($G96:$I96)*100 -> 43.103448 | N96: =SUM(K96:M96) -> 100
C97: 1 | D97: 0.352 | E97: =F97*100 -> 40 | F97: 0.4 | G97: =C97 -> 1 | H97: =D97 -> 0.352 | I97: 1 | K97: =G97/SUM($G97:$I97)*100 -> 42.517007 | L97: =H97/SUM($G97:$I97)*100 -> 14.965986 | M97: =I97/SUM($G97:$I97)*100 -> 42.517007 | N97: =SUM(K97:M97) -> 100
C98: 1 | D98: 0.4 | E98: =F98*100 -> 42 | F98: 0.42 | G98: =C98 -> 1 | H98: =D98 -> 0.4 | I98: 1 | K98: =G98/SUM($G98:$I98)*100 -> 41.666667 | L98: =H98/SUM($G98:$I98)*100 -> 16.666667 | M98: =I98/SUM($G98:$I98)*100 -> 41.666667 | N98: =SUM(K98:M98) -> 100
C99: 1 | D99: 0.5 | E99: =F99*100 -> 48 | F99: 0.48 | G99: =C99 -> 1 | H99: =D99 -> 0.5 | I99: 1 | K99: =G99/SUM($G99:$I99)*100 -> 40 | L99: =H99/SUM($G99:$I99)*100 -> 20 | M99: =I99/SUM($G99:$I99)*100 -> 40 | N99: =SUM(K99:M99) -> 100
C100: 1 | D100: 0.66 | E100: =F100*100 -> 56 | F100: 0.56 | G100: =C100 -> 1 | H100: =D100 -> 0.66 | I100: 1 | K100: =G100/SUM($G100:$I100)*100 -> 37.593985 | L100: =H100/SUM($G100:$I100)*100 -> 24.81203 | M100: =I100/SUM($G100:$I100)*100 -> 37.593985 | N100: =SUM(K100:M100) -> 100
C101: 1 | D101: 0.75 | E101: =F101*100 -> 56 | F101: 0.56 | G101: =C101 -> 1 | H101: =D101 -> 0.75 | I101: 1 | K101: =G101/SUM($G101:$I101)*100 -> 36.363636 | L101: =H101/SUM($G101:$I101)*100 -> 27.272727 | M101: =I101/SUM($G101:$I101)*100 -> 36.363636 | N101: =SUM(K101:M101) -> 100
C102: 1 | D102: 0.86 | E102: =F102*100 -> 58 | F102: 0.58 | G102: =C102 -> 1 | H102: =D102 -> 0.86 | I102: 1 | K102: =G102/SUM($G102:$I102)*100 -> 34.965035 | L102: =H102/SUM($G102:$I102)*100 -> 30.06993 | M102: =I102/SUM($G102:$I102)*100 -> 34.965035 | N102: =SUM(K102:M102) -> 100
C103: 1 | D103: 1 | E103: =F103*100 -> 62 | F103: 0.62 | G103: =C103 -> 1 | H103: =D103 -> 1 | I103: 1 | K103: =G103/SUM($G103:$I103)*100 -> 33.333333 | L103: =H103/SUM($G103:$I103)*100 -> 33.333333 | M103: =I103/SUM($G103:$I103)*100 -> 33.333333 | N103: =SUM(K103:M103) -> 100
C104: 1 | D104: 1.5 | E104: =F104*100 -> 53 | F104: 0.53 | G104: =C104 -> 1 | H104: =D104 -> 1.5 | I104: 1 | K104: =G104/SUM($G104:$I104)*100 -> 28.571429 | L104: =H104/SUM($G104:$I104)*100 -> 42.857143 | M104: =I104/SUM($G104:$I104)*100 -> 28.571429 | N104: =SUM(K104:M104) -> 100
C105: 2 | D105: 0.15 | E105: =F105*100 -> 15 | F105: 0.15 | G105: =C105 -> 2 | H105: =D105 -> 0.15 | I105: 1 | K105: =G105/SUM($G105:$I105)*100 -> 63.492063 | L105: =H105/SUM($G105:$I105)*100 -> 4.7619048 | M105: =I105/SUM($G105:$I105)*100 -> 31.746032 | N105: =SUM(K105:M105) -> 100
C106: 2 | D106: 0.25 | E106: =F106*100 -> 27 | F106: 0.27 | G106: =C106 -> 2 | H106: =D106 -> 0.25 | I106: 1 | K106: =G106/SUM($G106:$I106)*100 -> 61.538462 | L106: =H106/SUM($G106:$I106)*100 -> 7.6923077 | M106: =I106/SUM($G106:$I106)*100 -> 30.769231 | N106: =SUM(K106:M106) -> 100
C107: 2 | D107: 0.33 | E107: =F107*100 -> 35 | F107: 0.35 | G107: =C107 -> 2 | H107: =D107 -> 0.33 | I107: 1 | K107: =G107/SUM($G107:$I107)*100 -> 60.06006 | L107: =H107/SUM($G107:$I107)*100 -> 9.9099099 | M107: =I107/SUM($G107:$I107)*100 -> 30.03003 | N107: =SUM(K107:M107) -> 100
... C149: 4 | D149: 3.88 | E149: =F149*100 -> 57 | F149: 0.57 | G149: =C149 -> 4 | H149: =D149 -> 3.88 | I149: 1 | K149: =G149/SUM($G149:$I149)*100 -> 45.045045 | L149: =H149/SUM($G149:$I149)*100 -> 43.693694 | M149: =I149/SUM($G149:$I149)*100 -> 11.261261 | N149: =SUM(K149:M149) -> 100
A151: Marcial, José, et al. "Boron-speciation and aluminosilicate crystallization in alkali boroaluminosilicate glasses along the NaAl1-xBxSiO4 and LiAl1-xBxSiO4 joins." Journal of Non-Crystalline Solids 506 (2019): 58-67. | C151: R=[Na/Li2O]/B2O3 | D151: K=SiO2/B2O3 | E151: N4 (%) | F151: N4 (fraction) | G151: SiO2 | H151: Na2O/Li2O | I151: Al2O3 | J151: B2O3 | L151: mol% | M151: SiO2 | N151: Na2O | O151: Al2O3 | P151: B2O3 | Q151: Sum
B152: NAB10 | C152: 10 | D152: 20 | E152: =F152*100 -> 13 | F152: 0.13 | G152: =D152*J152 -> 1 | H152: =J152*C152 -> 0.5 | I152: =(1-K152)/2 -> 0.45 | J152: =K152/2 -> 0.05 | K152: 0.1 | M152: =G152/SUM($G152:$J152)*100 -> 50 | N152: =H152/SUM($G152:$J152)*100 -> 25 | O152: =I152/SUM($G152:$J152)*100 -> 22.5 | P152: =J152/SUM($G152:$J152)*100 -> 2.5 | Q152: =SUM(M152:P152) -> 100
B153: NAB15 | C153: 6.67 | D153: 13.33 | E153: =F153*100 -> 18 | F153: 0.18 | G153: =D153*J153 -> 0.99975 | H153: =J153*C153 -> 0.50025 | I153: =(1-K153)/2 -> 0.425 | J153: =K153/2 -> 0.075 | K153: 0.15 | M153: =G153/SUM($G153:$J153)*100 -> 49.9875 | N153: =H153/SUM($G153:$J153)*100 -> 25.0125 | O153: =I153/SUM($G153:$J153)*100 -> 21.25 | P153: =J153/SUM($G153:$J153)*100 -> 3.75 | Q153: =SUM(M153:P153) -> 100
B154: NAB20 | C154: 5 | D154: 10 | E154: =F154*100 -> 33 | F154: 0.33 | G154: =D154*J154 -> 1 | H154: =J154*C154 -> 0.5 | I154: =(1-K154)/2 -> 0.4 | J154: =K154/2 -> 0.1 | K154: 0.2 | M154: =G154/SUM($G154:$J154)*100 -> 50 | N154: =H154/SUM($G154:$J154)*100 -> 25 | O154: =I154/SUM($G154:$J154)*100 -> 20 | P154: =J154/SUM($G154:$J154)*100 -> 5 | Q154: =SUM(M154:P154) -> 100
B155: NAB40 | C155: 2.5 | D155: 5 | E155: =F155*100 -> 68 | F155: 0.68 | G155: =D155*J155 -> 1 | H155: =J155*C155 -> 0.5 | I155: =(1-K155)/2 -> 0.3 | J155: =K155/2 -> 0.2 | K155: 0.4 | M155: =G155/SUM($G155:$J155)*100 -> 50 | N155: =H155/SUM($G155:$J155)*100 -> 25 | O155: =I155/SUM($G155:$J155)*100 -> 15 | P155: =J155/SUM($G155:$J155)*100 -> 10 | Q155: =SUM(M155:P155) -> 100
B156: NAB60 | C156: 1.67 | D156: 3.33 | E156: =F156*100 -> 78 | F156: 0.78 | G156: =D156*J156 -> 0.999 | H156: =J156*C156 -> 0.501 | I156: =(1-K156)/2 -> 0.2 | J156: =K156/2 -> 0.3 | K156: 0.6 | M156: =G156/SUM($G156:$J156)*100 -> 49.95 | N156: =H156/SUM($G156:$J156)*100 -> 25.05 | O156: =I156/SUM($G156:$J156)*100 -> 10 | P156: =J156/SUM($G156:$J156)*100 -> 15 | Q156: =SUM(M156:P156) -> 100
B157: NAB80 | C157: 1.25 | D157: 2.5 | E157: =F157*100 -> 83 | F157: 0.83 | G157: =D157*J157 -> 1 | H157: =J157*C157 -> 0.5 | I157: =(1-K157)/2 -> 0.1 | J157: =K157/2 -> 0.4 | K157: 0.8 | M157: =G157/SUM($G157:$J157)*100 -> 50 | N157: =H157/SUM($G157:$J157)*100 -> 25 | O157: =I157/SUM($G157:$J157)*100 -> 5 | P157: =J157/SUM($G157:$J157)*100 -> 20 | Q157: =SUM(M157:P157) -> 100
B158: NBS | C158: 1 | D158: 2 | E158: =F158*100 -> 85 | F158: 0.85 | G158: =D158*J158 -> 1 | H158: =J158*C158 -> 0.5 | I158: =(1-K158)/2 -> 0 | J158: =K158/2 -> 0.5 | K158: 1 | M158: =G158/SUM($G158:$J158)*100 -> 50 | N158: =H158/SUM($G158:$J158)*100 -> 25 | O158: =I158/SUM($G158:$J158)*100 -> 0 | P158: =J158/SUM($G158:$J158)*100 -> 25 | Q158: =SUM(M158:P158) -> 100
B159: LiB5 | C159: 20 | D159: 40 | E159: =F159*100 -> 10 | F159: 0.1 | G159: =D159*J159 -> 1 | H159: =J159*C159 -> 0.5 | I159: =(1-K159)/2 -> 0.475 | J159: =K159/2 -> 0.025 | K159: 0.05 | M159: =G159/SUM($G159:$J159)*100 -> 50 | N159: =H159/SUM($G159:$J159)*100 -> 25 | O159: =I159/SUM($G159:$J159)*100 -> 23.75 | P159: =J159/SUM($G159:$J159)*100 -> 1.25 | Q159: =SUM(M159:P159) -> 100
B160: LiB10 | C160: 10 | D160: 20 | E160: =F160*100 -> 11 | F160: 0.11 | G160: =D160*J160 -> 1 | H160: =J160*C160 -> 0.5 | I160: =(1-K160)/2 -> 0.45 | J160: =K160/2 -> 0.05 | K160: 0.1 | M160: =G160/SUM($G160:$J160)*100 -> 50 | N160: =H160/SUM($G160:$J160)*100 -> 25 | O160: =I160/SUM($G160:$J160)*100 -> 22.5 | P160: =J160/SUM($G160:$J160)*100 -> 2.5 | Q160: =SUM(M160:P160) -> 100
B161: LiB15 | C161: 6.67 | D161: 13.33 | E161: =F161*100 -> 17 | F161: 0.17 | G161: =D161*J161 -> 0.99975 | H161: =J161*C161 -> 0.50025 | I161: =(1-K161)/2 -> 0.425 | J161: =K161/2 -> 0.075 | K161: 0.15 | M161: =G161/SUM($G161:$J161)*100 -> 49.9875 | N161: =H161/SUM($G161:$J161)*100 -> 25.0125 | O161: =I161/SUM($G161:$J161)*100 -> 21.25 | P161: =J161/SUM($G161:$J161)*100 -> 3.75 | Q161: =SUM(M161:P161) -> 100
C163: K | D163: R | E163: N4 | G163: SiO2 | H163: Na2O | I163: B2O3 | J163: mol% | K163: SiO2 | L163: Na2O | M163: B2O3 | N163: Sum
B164: 1 | C164: 1 | D164: 2 | E164: =F164*100 -> 25 | F164: 0.25 | G164: =C164 -> 1 | H164: =D164 -> 2 | I164: 1 | K164: =G164/SUM($G164:$I164)*100 -> 25 | L164: =H164/SUM($G164:$I164)*100 -> 50 | M164: =I164/SUM($G164:$I164)*100 -> 25 | N164: =SUM(K164:M164) -> 100
A165: Dell, W. J., P. J. Bray, and S. Z. Xiao. "11B NMR studies and structural modeling of Na2O-B2O3-SiO2 glasses of high soda content." Journal of Non-Crystalline Solids 58.1 (1983): 1-16. | B165: 2 | C165: 1 | D165: 2.5 | E165: =F165*100 -> 13 | F165: 0.13 | G165: =C165 -> 1 | H165: =D165 -> 2.5 | I165: 1 | K165: =G165/SUM($G165:$I165)*100 -> 22.222222 | L165: =H165/SUM($G165:$I165)*100 -> 55.555556 | M165: =I165/SUM($G165:$I165)*100 -> 22.222222 | N165: =SUM(K165:M165) -> 100
B166: 3 | C166: 1 | D166: 3 | E166: =F166*100 -> 3 | F166: 0.03 | G166: =C166 -> 1 | H166: =D166 -> 3 | I166: 1 | K166: =G166/SUM($G166:$I166)*100 -> 20 | L166: =H166/SUM($G166:$I166)*100 -> 60 | M166: =I166/SUM($G166:$I166)*100 -> 20 | N166: =SUM(K166:M166) -> 100
B167: 4 | C167: 1 | D167: 4 | E167: =F167*100 -> 0 | F167: 0 | G167: =C167 -> 1 | H167: =D167 -> 4 | I167: 1 | K167: =G167/SUM($G167:$I167)*100 -> 16.666667 | L167: =H167/SUM($G167:$I167)*100 -> 66.666667 | M167: =I167/SUM($G167:$I167)*100 -> 16.666667 | N167: =SUM(K167:M167) -> 100
B168: 5 | C168: 2 | D168: 1.5 | E168: =F168*100 -> 52 | F168: 0.52 | G168: =C168 -> 2 | H168: =D168 -> 1.5 | I168: 1 | K168: =G168/SUM($G168:$I168)*100 -> 44.444444 | L168: =H168/SUM($G168:$I168)*100 -> 33.333333 | M168: =I168/SUM($G168:$I168)*100 -> 22.222222 | N168: =SUM(K168:M168) -> 100
B169: 6 | C169: 2 | D169: 2 | E169: =F169*100 -> 43 | F169: 0.43 | G169: =C169 -> 2 | H169: =D169 -> 2 | I169: 1 | K169: =G169/SUM($G169:$I169)*100 -> 40 | L169: =H169/SUM($G169:$I169)*100 -> 40 | M169: =I169/SUM($G169:$I169)*100 -> 20 | N169: =SUM(K169:M169) -> 100
B170: 7 | C170: 2 | D170: 2.5 | E170: =F170*100 -> 35 | F170: 0.35 | G170: =C170 -> 2 | H170: =D170 -> 2.5 | I170: 1 | K170: =G170/SUM($G170:$I170)*100 -> 36.363636 | L170: =H170/SUM($G170:$I170)*100 -> 45.454545 | M170: =I170/SUM($G170:$I170)*100 -> 18.181818 | N170: =SUM(K170:M170) -> 100
B171: 8 | C171: 2 | D171: 3 | E171: =F171*100 -> 22 | F171: 0.22 | G171: =C171 -> 2 | H171: =D171 -> 3 | I171: 1 | K171: =G171/SUM($G171:$I171)*100 -> 33.333333 | L171: =H171/SUM($G171:$I171)*100 -> 50 | M171: =I171/SUM($G171:$I171)*100 -> 16.666667 | N171: =SUM(K171:M171) -> 100
B172: 9 | C172: 2 | D172: 4 | E172: =F172*100 -> 2 | F172: 0.02 | G172: =C172 -> 2 | H172: =D172 -> 4 | I172: 1 | K172: =G172/SUM($G172:$I172)*100 -> 28.571429 | L172: =H172/SUM($G172:$I172)*100 -> 57.142857 | M172: =I172/SUM($G172:$I172)*100 -> 14.285714 | N172: =SUM(K172:M172) -> 100
B173: 10 | C173: 2 | D173: 5 | E173: =F173*100 -> 0 | F173: 0 | G173: =C173 -> 2 | H173: =D173 -> 5 | I173: 1 | K173: =G173/SUM($G173:$I173)*100 -> 25 | L173: =H173/SUM($G173:$I173)*100 -> 62.5 | M173: =I173/SUM($G173:$I173)*100 -> 12.5 | N173: =SUM(K173:M173) -> 100
B174: 11 | C174: 3 | D174: 1.5 | E174: =F174*100 -> 64 | F174: 0.64 | G174: =C174 -> 3 | H174: =D174 -> 1.5 | I174: 1 | K174: =G174/SUM($G174:$I174)*100 -> 54.545455 | L174: =H174/SUM($G174:$I174)*100 -> 27.272727 | M174: =I174/SUM($G174:$I174)*100 -> 18.181818 | N174: =SUM(K174:M174) -> 100
B175: 12 | C175: 3 | D175: 2 | E175: =F175*100 -> 58 | F175: 0.58 | G175: =C175 -> 3 | H175: =D175 -> 2 | I175: 1 | K175: =G175/SUM($G175:$I175)*100 -> 50 | L175: =H175/SUM($G175:$I175)*100 -> 33.333333 | M175: =I175/SUM($G175:$I175)*100 -> 16.666667 | N175: =SUM(K175:M175) -> 100
...

Sheet JDV (full data)(same coef)
A1: # | B1: new # | C1: Glass ID | D1: Outlier | E1: Alk+AE | F1: Si/(Si+B+P+Te) | G1: Al2O3 | H1: B2O3 | I1: CaO | J1: Cr2O3 | K1: Fe2O3 | L1: K2O | M1: Li2O | N1: MgO | O1: Na2O | P1: P2O5 | Q1: SiO2 | R1: SO3 | S1: TiO2 | T1: ZnO | U1: ZrO2 | V1: BaO | W1: Bi2O3 | X1: Cs2O | Y1: HfO2 | Z1: La2O3 | AA1: PbO | AB1: SrO | AC1: TeO2 | AD1: Rb2O | AE1: UO3 | AF1: Y2O3 | AG1: N4 (%) | AH1: Method | AI1: Cooling rate | AJ1: Annealing | AK1: Sample form | AL1: Pressure | AM1: Note | AN1: sum | AO1: Alk=[Cs,K,Na,Li]2O | AP1: Al2O3 | AQ1: B2O3 | AR1: SiO2 | AS1: N4 | AT1: du-stebbins | AU1: K'=[SiO2]/([B2O3]+[Al2O3]) | AV1: R'=([Alk])/([B2O3]+[Al2O3]) | AW1: R'max=0.5+K'/16 | AX1: R'D1=0.5+K'/4 | AY1: N'4 | AZ1: Adj N'4 | BA1: abs Res | BB1: Modified | BC1: K''=([SiO2]+e[TeO2])/(a[B2O3]+b[Al2O3]+c[P2O5]+...) | BD1: R''=([Na2O]+x[Li2O]+...)/(a[B2O3]+b[Al2O3]+...) | BE1: R''max=m+K''*n | BF1: R''D1=o+K''*p | BG1: N''4 | BH1: Adj N''4 | BI1: squares | BJ1: var | BL1: Modified | BN1: valence
A2: 243 | B2: 502 | C2: ='EWG-CCP-127 (1)'!B58 -> 3 | D2: 1 | E2: =I2+L2+M2+N2+O2+V2+X2+AB2+AD2 -> 18.032787 | F2: =Q2/(H2+P2+Q2+AC2) -> 0.33333333 | G2: 0 | H2: ='EWG-CCP-127 (1)'!M58 -> 54.644809 | I2: 0 | J2: 0 | K2: 0 | L2: 0 | M2: 0 | N2: 0 | O2: ='EWG-CCP-127 (1)'!L58 -> 18.032787 | P2: 0 | Q2: ='EWG-CCP-127 (1)'!K58 -> 27.322404 | R2: 0 | S2: 0 | T2: 0 | U2: 0 | V2: 0 | W2: 0 | X2: 0 | Y2: 0 | Z2: 0 | AA2: 0 | AB2: 0 | AC2: 0 | AD2: 0 | AE2: 0 | AF2: 0 | AG2: ='EWG-CCP-127 (1)'!E58 -> 33 | AH2: NMR | AI2: Air quench | AN2: =SUM(G2:AF2) -> 100 | AO2: =(L2+M2+O2+X2)/100 -> 0.18032787 | AP2: =G2/100 -> 0 | AQ2: =H2/100 -> 0.54644809 | AR2: =Q2/100 -> 0.27322404 | AS2: =AG2/100 -> 0.33 | AU2: =AR2/(AQ2+AP2) -> 0.5 | AV2: =AO2/(AP2+AQ2) -> 0.33 | AW2: =0.5+AU2/16 -> 0.53125 | AX2: =0.5+AU2/4 -> 0.625 | AY2: =IF(AV2<=AW2,AV2,IF(AV2<=AX2,AW2,AW2-(AV2-AX2)*(8+AU2)/(12*(2+AU2)))) -> 0.33 | AZ2: =IF(AY2<1,AY2,1) -> 0.33 | BA2: =ABS(AZ2-AS2) -> 5.5511151e-17 | BC2: =(Q2)/($BM$3*H2+$BM$4*G2+$BM$5*P2+$BM$6*K2+$BM$7*S2+$BM$8*U2+$BM$9*Y2) -> 0.5 | BD2: =(O2+$BM$11*M2+$BM$12*L2+$BM$13*X2+$BM$14*AD2+$BM$15*I2+$BM$16*N2+$BM$17*AB2+$BM$18*V2+$BM$19*T2+$BM$20*AA2+$BM$21*Z2+$BM$22*AF2+$BM$23*W2)/($BM$3*$H2+$BM$4*$G2+$BM$5*$P2+$BM$6*$K2+$BM$7*$S2+$BM$8*$U2+$BM$9*$Y2) -> 0.33 | BE2: =$BM$25+BC2*$BM$26 -> 0.59927954 | BF2: =$BM$27+BC2*$BM$28 -> 0.34712845 | BG2: =IF(BD2<=BE2,BD2,IF(BD2<=BF2,BE2,BE2-(BD2-BF2)*(8+BC2)/(12*(2+BC2)))) -> 0.33 | BH2: =IF(BG2<1,IF(BG2>0,BG2,0),1) -> 0.33 | BI2: =(BH2-AS2)^2 -> 0 | BJ2: =(AS2-AVERAGE($AS$2:$AS$647))^2 -> 0.0059094513 | BL2: K'' coef
A3: 261 | B3: 152 | C3: ='EWG-CCP-127 (1)'!B76 -> 21 | D3: 1 | E3: =I3+L3+M3+N3+O3+V3+X3+AB3+AD3 -> 6.25 | F3: =Q3/(H3+P3+Q3+AC3) -> 0.66666667 | G3: 0 | H3: ='EWG-CCP-127 (1)'!M76 -> 31.25 | I3: 0 | J3: 0 | K3: 0 | L3: 0 | M3: 0 | N3: 0 | O3: ='EWG-CCP-127 (1)'!L76 -> 6.25 | P3: 0 | Q3: ='EWG-CCP-127 (1)'!K76 -> 62.5 | R3: 0 | S3: 0 | T3: 0 | U3: 0 | V3: 0 | W3: 0 | X3: 0 | Y3: 0 | Z3: 0 | AA3: 0 | AB3: 0 | AC3: 0 | AD3: 0 | AE3: 0 | AF3: 0 | AG3: ='EWG-CCP-127 (1)'!E76 -> 20 | AH3: NMR | AI3: Air quench | AN3: =SUM(G3:AF3) -> 100 | AO3: =(L3+M3+O3+X3)/100 -> 0.0625 | AP3: =G3/100 -> 0 | AQ3: =H3/100 -> 0.3125 | AR3: =Q3/100 -> 0.625 | AS3: =AG3/100 -> 0.2 | AU3: =AR3/(AQ3+AP3) -> 2 | AV3: =AO3/(AP3+AQ3) -> 0.2 | AW3: =0.5+AU3/16 -> 0.625 | AX3: =0.5+AU3/4 -> 1 | AY3: =IF(AV3<=AW3,AV3,IF(AV3<=AX3,AW3,AW3-(AV3-AX3)*(8+AU3)/(12*(2+AU3)))) -> 0.2 | AZ3: =IF(AY3<1,AY3,1) -> 0.2 | BA3: =ABS(AZ3-AS3) -> 0 | BC3: =(Q3)/($BM$3*H3+$BM$4*G3+$BM$5*P3+$BM$6*K3+$BM$7*S3+$BM$8*U3+$BM$9*Y3) -> 2 | BD3: =(O3+$BM$11*M3+$BM$12*L3+$BM$13*X3+$BM$14*AD3+$BM$15*I3+$BM$16*N3+$BM$17*AB3+$BM$18*V3+$BM$19*T3+$BM$20*AA3+$BM$21*Z3+$BM$22*AF3+$BM$23*W3)/($BM$3*$H3+$BM$4*$G3+$BM$5*$P3+$BM$6*$K3+$BM$7*$S3+$BM$8*$U3+$BM$9*$Y3) -> 0.2 | BE3: =$BM$25+BC3*$BM$26 -> 0.62764378 | BF3: =$BM$27+BC3*$BM$28 -> 1.1005923 | BG3: =IF(BD3<=BE3,BD3,IF(BD3<=BF3,BE3,BE3-(BD3-BF3)*(8+BC3)/(12*(2+BC3)))) -> 0.2 | BH3: =IF(BG3<1,IF(BG3>0,BG3,0),1) -> 0.2 | BI3: =(BH3-AS3)^2 -> 0 | BJ3: =(AS3-AVERAGE($AS$2:$AS$647))^2 -> 0.04279642 | BL3: B2O3 | BM3: 1
A4: 315 | B4: 202 | D4: 1 | E4: =I4+L4+M4+N4+O4+V4+X4+AB4+AD4 -> 11.111111 | F4: =Q4/(H4+P4+Q4+AC4) -> 0.75 | G4: 0 | H4: ='EWG-CCP-127 (1)'!M133 -> 22.222222 | I4: 0 | J4: 0 | K4: 0 | L4: 0 | M4: 0 | N4: 0 | O4: ='EWG-CCP-127 (1)'!L133 -> 11.111111 | P4: 0 | Q4: ='EWG-CCP-127 (1)'!K133 -> 66.666667 | R4: 0 | S4: 0 | T4: 0 | U4: 0 | V4: 0 | W4: 0 | X4: 0 | Y4: 0 | Z4: 0 | AA4: 0 | AB4: 0 | AC4: 0 | AD4: 0 | AE4: 0 | AF4: 0 | AG4: ='EWG-CCP-127 (1)'!E133 -> 50 | AH4: NMR | AI4: Water quench | AN4: =SUM(G4:AF4) -> 100 | AO4: =(L4+M4+O4+X4)/100 -> 0.11111111 | AP4: =G4/100 -> 0 | AQ4: =H4/100 -> 0.22222222 | AR4: =Q4/100 -> 0.66666667 | AS4: =AG4/100 -> 0.5 | AU4: =AR4/(AQ4+AP4) -> 3 | AV4: =AO4/(AP4+AQ4) -> 0.5 | AW4: =0.5+AU4/16 -> 0.6875 | AX4: =0.5+AU4/4 -> 1.25 | AY4: =IF(AV4<=AW4,AV4,IF(AV4<=AX4,AW4,AW4-(AV4-AX4)*(8+AU4)/(12*(2+AU4)))) -> 0.5 | AZ4: =IF(AY4<1,AY4,1) -> 0.5 | BA4: =ABS(AZ4-AS4) -> 0 | BC4: =(Q4)/($BM$3*H4+$BM$4*G4+$BM$5*P4+$BM$6*K4+$BM$7*S4+$BM$8*U4+$BM$9*Y4) -> 3 | BD4: =(O4+$BM$11*M4+$BM$12*L4+$BM$13*X4+$BM$14*AD4+$BM$15*I4+$BM$16*N4+$BM$17*AB4+$BM$18*V4+$BM$19*T4+$BM$20*AA4+$BM$21*Z4+$BM$22*AF4+$BM$23*W4)/($BM$3*$H4+$BM$4*$G4+$BM$5*$P4+$BM$6*$K4+$BM$7*$S4+$BM$8*$U4+$BM$9*$Y4) -> 0.5 | BE4: =$BM$25+BC4*$BM$26 -> 0.64655327 | BF4: =$BM$27+BC4*$BM$28 -> 1.6029016 | BG4: =IF(BD4<=BE4,BD4,IF(BD4<=BF4,BE4,BE4-(BD4-BF4)*(8+BC4)/(12*(2+BC4)))) -> 0.5 | BH4: =IF(BG4<1,IF(BG4>0,BG4,0),1) -> 0.5 | BI4: =(BH4-AS4)^2 -> 0 | BJ4: =(AS4-AVERAGE($AS$2:$AS$647))^2 -> 0.0086726464 | BL4: Al2O3 | BM4: 4
A5: 354 | B5: 376 | C5: 4 | D5: 1 | E5: =I5+L5+M5+N5+O5+V5+X5+AB5+AD5 -> 66.666667 | F5: =Q5/(H5+P5+Q5+AC5) -> 0.5 | G5: 0 | H5: ='EWG-CCP-127 (1)'!M167 -> 16.666667 | I5: 0 | J5: 0 | K5: 0 | L5: 0 | M5: 0 | N5: 0 | O5: ='EWG-CCP-127 (1)'!L167 -> 66.666667 | P5: 0 | Q5: ='EWG-CCP-127 (1)'!K167 -> 16.666667 | R5: 0 | S5: 0 | T5: 0 | U5: 0 | V5: 0 | W5: 0 | X5: 0 | Y5: 0 | Z5: 0 | AA5: 0 | AB5: 0 | AC5: 0 | AD5: 0 | AE5: 0 | AF5: 0 | AG5: ='EWG-CCP-127 (1)'!E167 -> 0 | AH5: NMR | AI5: Air quench | AN5: =SUM(G5:AF5) -> 100 | AO5: =(L5+M5+O5+X5)/100 -> 0.66666667 | AP5: =G5/100 -> 0 | AQ5: =H5/100 -> 0.16666667 | AR5: =Q5/100 -> 0.16666667 | AS5: =AG5/100 -> 0 | AU5: =AR5/(AQ5+AP5) -> 1 | AV5: =AO5/(AP5+AQ5) -> 4 | AW5: =0.5+AU5/16 -> 0.5625 | AX5: =0.5+AU5/4 -> 0.75 | AY5: =IF(AV5<=AW5,AV5,IF(AV5<=AX5,AW5,AW5-(AV5-AX5)*(8+AU5)/(12*(2+AU5)))) -> -0.25 | AZ5: =IF(AY5<1,AY5,1) -> -0.25 | BA5: =ABS(AZ5-AS5) -> 0.25 | BC5: =(Q5)/($BM$3*H5+$BM$4*G5+$BM$5*P5+$BM$6*K5+$BM$7*S5+$BM$8*U5+$BM$9*Y5) -> 1 | BD5: =(O5+$BM$11*M5+$BM$12*L5+$BM$13*X5+$BM$14*AD5+$BM$15*I5+$BM$16*N5+$BM$17*AB5+$BM$18*V5+$BM$19*T5+$BM$20*AA5+$BM$21*Z5+$BM$22*AF5+$BM$23*W5)/($BM$3*$H5+$BM$4*$G5+$BM$5*$P5+$BM$6*$K5+$BM$7*$S5+$BM$8*$U5+$BM$9*$Y5) -> 4 | BE5: =$BM$25+BC5*$BM$26 -> 0.60873429 | BF5: =$BM$27+BC5*$BM$28 -> 0.59828308 | BG5: =IF(BD5<=BE5,BD5,IF(BD5<=BF5,BE5,BE5-(BD5-BF5)*(8+BC5)/(12*(2+BC5)))) -> -0.24169494 | BH5: =IF(BG5<1,IF(BG5>0,BG5,0),1) -> 0 | BI5: =(BH5-AS5)^2 -> 0 | BJ5: =(AS5-AVERAGE($AS$2:$AS$647))^2 -> 0.1655456 | BL5: P2O5 | BM5: 0
A6: 360 | B6: 380 | C6: 10 | D6: 1 | E6: =I6+L6+M6+N6+O6+V6+X6+AB6+AD6 -> 62.5 | F6: =Q6/(H6+P6+Q6+AC6) -> 0.66666667 | G6: 0 | H6: ='EWG-CCP-127 (1)'!M173 -> 12.5 | I6: 0 | J6: 0 | K6: 0 | L6: 0 | M6: 0 | N6: 0 | O6: ='EWG-CCP-127 (1)'!L173 -> 62.5 | P6: 0 | Q6: ='EWG-CCP-127 (1)'!K173 -> 25 | R6: 0 | S6: 0 | T6: 0 | U6: 0 | V6: 0 | W6: 0 | X6: 0 | Y6: 0 | Z6: 0 | AA6: 0 | AB6: 0 | AC6: 0 | AD6: 0 | AE6: 0 | AF6: 0 | AG6: ='EWG-CCP-127 (1)'!E173 -> 0 | AH6: NMR | AI6: Air quench | AN6: =SUM(G6:AF6) -> 100 | AO6: =(L6+M6+O6+X6)/100 -> 0.625 | AP6: =G6/100 -> 0 | AQ6: =H6/100 -> 0.125 | AR6: =Q6/100 -> 0.25 | AS6: =AG6/100 -> 0 | AU6: =AR6/(AQ6+AP6) -> 2 | AV6: =AO6/(AP6+AQ6) -> 5 | AW6: =0.5+AU6/16 -> 0.625 | AX6: =0.5+AU6/4 -> 1 | AY6: =IF(AV6<=AW6,AV6,IF(AV6<=AX6,AW6,AW6-(AV6-AX6)*(8+AU6)/(12*(2+AU6)))) -> -0.20833333 | AZ6: =IF(AY6<1,AY6,1) -> -0.20833333 | BA6: =ABS(AZ6-AS6) -> 0.20833333 | BC6: =(Q6)/($BM$3*H6+$BM$4*G6+$BM$5*P6+$BM$6*K6+$BM$7*S6+$BM$8*U6+$BM$9*Y6) -> 2 | BD6: =(O6+$BM$11*M6+$BM$12*L6+$BM$13*X6+$BM$14*AD6+$BM$15*I6+$BM$16*N6+$BM$17*AB6+$BM$18*V6+$BM$19*T6+$BM$20*AA6+$BM$21*Z6+$BM$22*AF6+$BM$23*W6)/($BM$3*$H6+$BM$4*$G6+$BM$5*$P6+$BM$6*$K6+$BM$7*$S6+$BM$8*$U6+$BM$9*$Y6) -> 5 | BE6: =$BM$25+BC6*$BM$26 -> 0.62764378 | BF6: =$BM$27+BC6*$BM$28 -> 1.1005923 | BG6: =IF(BD6<=BE6,BD6,IF(BD6<=BF6,BE6,BE6-(BD6-BF6)*(8+BC6)/(12*(2+BC6)))) -> -0.18473282 | BH6: =IF(BG6<1,IF(BG6>0,BG6,0),1) -> 0 | BI6: =(BH6-AS6)^2 -> 0 | BJ6: =(AS6-AVERAGE($AS$2:$AS$647))^2 -> 0.1655456 | BL6: Fe2O3 | BM6: 0
A7: 367 | B7: 383 | C7: 17 | D7: 1 | E7: =I7+L7+M7+N7+O7+V7+X7+AB7+AD7 -> 60 | F7: =Q7/(H7+P7+Q7+AC7) -> 0.75 | G7: 0 | H7: ='EWG-CCP-127 (1)'!M180 -> 10 | I7: 0 | J7: 0 | K7: 0 | L7: 0 | M7: 0 | N7: 0 | O7: ='EWG-CCP-127 (1)'!L180 -> 60 | P7: 0 | Q7: ='EWG-CCP-127 (1)'!K180 -> 30 | R7: 0 | S7: 0 | T7: 0 | U7: 0 | V7: 0 | W7: 0 | X7: 0 | Y7: 0 | Z7: 0 | AA7: 0 | AB7: 0 | AC7: 0 | AD7: 0 | AE7: 0 | AF7: 0 | AG7: ='EWG-CCP-127 (1)'!E180 -> 0 | AH7: NMR | AI7: Air quench | AN7: =SUM(G7:AF7) -> 100 | AO7: =(L7+M7+O7+X7)/100 -> 0.6 | AP7: =G7/100 -> 0 | AQ7: =H7/100 -> 0.1 | AR7: =Q7/100 -> 0.3 | AS7: =AG7/100 -> 0 | AU7: =AR7/(AQ7+AP7) -> 3 | AV7: =AO7/(AP7+AQ7) -> 6 | AW7: =0.5+AU7/16 -> 0.6875 | AX7: =0.5+AU7/4 -> 1.25 | AY7: =IF(AV7<=AW7,AV7,IF(AV7<=AX7,AW7,AW7-(AV7-AX7)*(8+AU7)/(12*(2+AU7)))) -> -0.18333333 | AZ7: =IF(AY7<1,AY7,1) -> -0.18333333 | BA7: =ABS(AZ7-AS7) -> 0.18333333 | BC7: =(Q7)/($BM$3*H7+$BM$4*G7+$BM$5*P7+$BM$6*K7+$BM$7*S7+$BM$8*U7+$BM$9*Y7) -> 3 | BD7: =(O7+$BM$11*M7+$BM$12*L7+$BM$13*X7+$BM$14*AD7+$BM$15*I7+$BM$16*N7+$BM$17*AB7+$BM$18*V7+$BM$19*T7+$BM$20*AA7+$BM$21*Z7+$BM$22*AF7+$BM$23*W7)/($BM$3*$H7+$BM$4*$G7+$BM$5*$P7+$BM$6*$K7+$BM$7*$S7+$BM$8*$U7+$BM$9*$Y7) -> 6 | BE7: =$BM$25+BC7*$BM$26 -> 0.64655327 | BF7: =$BM$27+BC7*$BM$28 -> 1.6029016 | BG7: =IF(BD7<=BE7,BD7,IF(BD7<=BF7,BE7,BE7-(BD7-BF7)*(8+BC7)/(12*(2+BC7)))) -> -0.15958144 | BH7: =IF(BG7<1,IF(BG7>0,BG7,0),1) -> 0 | BI7: =(BH7-AS7)^2 -> 0 | BJ7: =(AS7-AVERAGE($AS$2:$AS$647))^2 -> 0.1655456 | BL7: TiO2 | BM7: 0
A8: 368 | B8: 384 | C8: 18 | D8: 1 | E8: =I8+L8+M8+N8+O8+V8+X8+AB8+AD8 -> 63.636364 | F8: =Q8/(H8+P8+Q8+AC8) -> 0.75 | G8: 0 | H8: ='EWG-CCP-127 (1)'!M181 -> 9.0909091 | I8: 0 | J8: 0 | K8: 0 | L8: 0 | M8: 0 | N8: 0 | O8: ='EWG-CCP-127 (1)'!L181 -> 63.636364 | P8: 0 | Q8: ='EWG-CCP-127 (1)'!K181 -> 27.272727 | R8: 0 | S8: 0 | T8: 0 | U8: 0 | V8: 0 | W8: 0 | X8: 0 | Y8: 0 | Z8: 0 | AA8: 0 | AB8: 0 | AC8: 0 | AD8: 0 | AE8: 0 | AF8: 0 | AG8: ='EWG-CCP-127 (1)'!E181 -> 0 | AH8: NMR | AI8: Air quench | AN8: =SUM(G8:AF8) -> 100 | AO8: =(L8+M8+O8+X8)/100 -> 0.63636364 | AP8: =G8/100 -> 0 | AQ8: =H8/100 -> 0.090909091 | AR8: =Q8/100 -> 0.27272727 | AS8: =AG8/100 -> 0 | AU8: =AR8/(AQ8+AP8) -> 3 | AV8: =AO8/(AP8+AQ8) -> 7 | AW8: =0.5+AU8/16 -> 0.6875 | AX8: =0.5+AU8/4 -> 1.25 | AY8: =IF(AV8<=AW8,AV8,IF(AV8<=AX8,AW8,AW8-(AV8-AX8)*(8+AU8)/(12*(2+AU8)))) -> -0.36666667 | AZ8: =IF(AY8<1,AY8,1) -> -0.36666667 | BA8: =ABS(AZ8-AS8) -> 0.36666667 | BC8: =(Q8)/($BM$3*H8+$BM$4*G8+$BM$5*P8+$BM$6*K8+$BM$7*S8+$BM$8*U8+$BM$9*Y8) -> 3 | BD8: =(O8+$BM$11*M8+$BM$12*L8+$BM$13*X8+$BM$14*AD8+$BM$15*I8+$BM$16*N8+$BM$17*AB8+$BM$18*V8+$BM$19*T8+$BM$20*AA8+$BM$21*Z8+$BM$22*AF8+$BM$23*W8)/($BM$3*$H8+$BM$4*$G8+$BM$5*$P8+$BM$6*$K8+$BM$7*$S8+$BM$8*$U8+$BM$9*$Y8) -> 7 | BE8: =$BM$25+BC8*$BM$26 -> 0.64655327 | BF8: =$BM$27+BC8*$BM$28 -> 1.6029016 | BG8: =IF(BD8<=BE8,BD8,IF(BD8<=BF8,BE8,BE8-(BD8-BF8)*(8+BC8)/(12*(2+BC8)))) -> -0.34291477 | BH8: =IF(BG8<1,IF(BG8>0,BG8,0),1) -> 0 | BI8: =(BH8-AS8)^2 -> 0 | BJ8: =(AS8-AVERAGE($AS$2:$AS$647))^2 -> 0.1655456 | BL8: ZrO2 | BM8: 3
A9: 377 | B9: 387 | C9: 27 | D9: 1 | E9: =I9+L9+M9+N9+O9+V9+X9+AB9+AD9 -> 58.333333 | F9: =Q9/(H9+P9+Q9+AC9) -> 0.8 | G9: 0 | H9: ='EWG-CCP-127 (1)'!M190 -> 8.3333333 | I9: 0 | J9: 0 | K9: 0 | L9: 0 | M9: 0 | N9: 0 | O9: ='EWG-CCP-127 (1)'!L190 -> 58.333333 | P9: 0 | Q9: ='EWG-CCP-127 (1)'!K190 -> 33.333333 | R9: 0 | S9: 0 | T9: 0 | U9: 0 | V9: 0 | W9: 0 | X9: 0 | Y9: 0 | Z9: 0 | AA9: 0 | AB9: 0 | AC9: 0 | AD9: 0 | AE9: 0 | AF9: 0 | AG9: ='EWG-CCP-127 (1)'!E190 -> 0 | AH9: NMR | AI9: Air quench | AN9: =SUM(G9:AF9) -> 100 | AO9: =(L9+M9+O9+X9)/100 -> 0.58333333 | AP9: =G9/100 -> 0 | AQ9: =H9/100 -> 0.083333333 | AR9: =Q9/100 -> 0.33333333 | AS9: =AG9/100 -> 0 | AU9: =AR9/(AQ9+AP9) -> 4 | AV9: =AO9/(AP9+AQ9) -> 7 | AW9: =0.5+AU9/16 -> 0.75 | AX9: =0.5+AU9/4 -> 1.5 | AY9: =IF(AV9<=AW9,AV9,IF(AV9<=AX9,AW9,AW9-(AV9-AX9)*(8+AU9)/(12*(2+AU9)))) -> -0.16666667 | AZ9: =IF(AY9<1,AY9,1) -> -0.16666667 | BA9: =ABS(AZ9-AS9) -> 0.16666667 | BC9: =(Q9)/($BM$3*H9+$BM$4*G9+$BM$5*P9+$BM$6*K9+$BM$7*S9+$BM$8*U9+$BM$9*Y9) -> 4 | BD9: =(O9+$BM$11*M9+$BM$12*L9+$BM$13*X9+$BM$14*AD9+$BM$15*I9+$BM$16*N9+$BM$17*AB9+$BM$18*V9+$BM$19*T9+$BM$20*AA9+$BM$21*Z9+$BM$22*AF9+$BM$23*W9)/($BM$3*$H9+$BM$4*$G9+$BM$5*$P9+$BM$6*$K9+$BM$7*$S9+$BM$8*$U9+$BM$9*$Y9) -> 7 | BE9: =$BM$25+BC9*$BM$26 -> 0.66546276 | BF9: =$BM$27+BC9*$BM$28 -> 2.1052109 | BG9: =IF(BD9<=BE9,BD9,IF(BD9<=BF9,BE9,BE9-(BD9-BF9)*(8+BC9)/(12*(2+BC9)))) -> -0.15033543 | BH9: =IF(BG9<1,IF(BG9>0,BG9,0),1) -> 0 | BI9: =(BH9-AS9)^2 -> 0 | BJ9: =(AS9-AVERAGE($AS$2:$AS$647))^2 -> 0.1655456 | BL9: HfO2 | BM9: 0
A10: 405 | B10: 516 | D10: 1 | E10: =I10+L10+M10+N10+O10+V10+X10+AB10+AD10 -> 0 | F10: =Q10/(H10+P10+Q10+AC10) -> 0.33333333 | G10: 0 | H10: ='EWG-CCP-127 (1)'!M201 -> 66.666667 | I10: 0 | J10: 0 | K10: 0 | L10: 0 | M10: 0 | N10: 0 | O10: ='EWG-CCP-127 (1)'!L201 -> 0 | P10: 0 | Q10: ='EWG-CCP-127 (1)'!K201 -> 33.333333 | R10: 0 | S10: 0 | T10: 0 | U10: 0 | V10: 0 | W10: 0 | X10: 0 | Y10: 0 | Z10: 0 | AA10: 0 | AB10: 0 | AC10: 0 | AD10: 0 | AE10: 0 | AF10: 0 | AG10: ='EWG-CCP-127 (1)'!E201 -> 0 | AH10: NMR | AI10: Air quench | AL10: Atm | AN10: =SUM(G10:AF10) -> 100 | AO10: =(L10+M10+O10+X10)/100 -> 0 | AP10: =G10/100 -> 0 | AQ10: =H10/100 -> 0.66666667 | AR10: =Q10/100 -> 0.33333333 | AS10: =AG10/100 -> 0 | AU10: =AR10/(AQ10+AP10) -> 0.5 | AV10: =AO10/(AP10+AQ10) -> 0 | AW10: =0.5+AU10/16 -> 0.53125 | AX10: =0.5+AU10/4 -> 0.625 | AY10: =IF(AV10<=AW10,AV10,IF(AV10<=AX10,AW10,AW10-(AV10-AX10)*(8+AU10)/(12*(2+AU10)))) -> 0 | AZ10: =IF(AY10<1,AY10,1) -> 0 | BA10: =ABS(AZ10-AS10) -> 0 | BC10: =(Q10)/($BM$3*H10+$BM$4*G10+$BM$5*P10+$BM$6*K10+$BM$7*S10+$BM$8*U10+$BM$9*Y10) -> 0.5 | BD10: =(O10+$BM$11*M10+$BM$12*L10+$BM$13*X10+$BM$14*AD10+$BM$15*I10+$BM$16*N10+$BM$17*AB10+$BM$18*V10+$BM$19*T10+$BM$20*AA10+$BM$21*Z10+$BM$22*AF10+$BM$23*W10)/($BM$3*$H10+$BM$4*$G10+$BM$5*$P10+$BM$6*$K10+$BM$7*$S10+$BM$8*$U10+$BM$9*$Y10) -> 0 | BE10: =$BM$25+BC10*$BM$26 -> 0.59927954 | BF10: =$BM$27+BC10*$BM$28 -> 0.34712845 | BG10: =IF(BD10<=BE10,BD10,IF(BD10<=BF10,BE10,BE10-(BD10-BF10)*(8+BC10)/(12*(2+BC10)))) -> 0 | BH10: =IF(BG10<1,IF(BG10>0,BG10,0),1) -> 0 | BI10: =(BH10-AS10)^2 -> 0 | BJ10: =(AS10-AVERAGE($AS$2:$AS$647))^2 -> 0.1655456 | BL10: R'' coef
A11: 504 | B11: 558 | C11: ='EWG-CCP-127 (1)'!B287 -> Na-R0.1 | D11: 1 | E11: =I11+L11+M11+N11+O11+V11+X11+AB11+AD11 -> 9.0909091 | F11: =Q11/(H11+P11+Q11+AC11) -> 0 | G11: 0 | H11: ='EWG-CCP-127 (1)'!J287 -> 90.909091 | I11: 0 | J11: 0 | K11: 0 | L11: ='EWG-CCP-127 (1)'!M287 -> 0 | M11: 0 | N11: 0 | O11: ='EWG-CCP-127 (1)'!L287 -> 9.0909091 | P11: 0 | Q11: 0 | R11: 0 | S11: 0 | T11: 0 | U11: 0 | V11: 0 | W11: 0 | X11: ='EWG-CCP-127 (1)'!O287 -> 0 | Y11: 0 | Z11: 0 | AA11: 0 | AB11: 0 | AC11: 0 | AD11: ='EWG-CCP-127 (1)'!N287 -> 0 | AE11: 0 | AF11: 0 | AG11: ='EWG-CCP-127 (1)'!I287 -> 10 | AH11: NMR | AI11: Water or liguid nitrogen quench | AN11: =SUM(G11:AF11) -> 100 | AO11: =(L11+M11+O11+X11)/100 -> 0.090909091 | AP11: =G11/100 -> 0 | AQ11: =H11/100 -> 0.90909091 | AR11: =Q11/100 -> 0 | AS11: =AG11/100 -> 0.1 | AU11: =AR11/(AQ11+AP11) -> 0 | AV11: =AO11/(AP11+AQ11) -> 0.1 | AW11: =0.5+AU11/16 -> 0.5 | AX11: =0.5+AU11/4 -> 0.5 | AY11: =IF(AV11<=AW11,AV11,IF(AV11<=AX11,AW11,AW11-(AV11-AX11)*(8+AU11)/(12*(2+AU11)))) -> 0.1 | AZ11: =IF(AY11<1,AY11,1) -> 0.1 | BA11: =ABS(AZ11-AS11) -> 0 | BC11: =(Q11)/($BM$3*H11+$BM$4*G11+$BM$5*P11+$BM$6*K11+$BM$7*S11+$BM$8*U11+$BM$9*Y11) -> 0 | BD11: =(O11+$BM$11*M11+$BM$12*L11+$BM$13*X11+$BM$14*AD11+$BM$15*I11+$BM$16*N11+$BM$17*AB11+$BM$18*V11+$BM$19*T11+$BM$20*AA11+$BM$21*Z11+$BM$22*AF11+$BM$23*W11)/($BM$3*$H11+$BM$4*$G11+$BM$5*$P11+$BM$6*$K11+$BM$7*$S11+$BM$8*$U11+$BM$9*$Y11) -> 0.1 | BE11: =$BM$25+BC11*$BM$26 -> 0.5898248 | BF11: =$BM$27+BC11*$BM$28 -> 0.095973821 | BG11: =IF(BD11<=BE11,BD11,IF(BD11<=BF11,BE11,BE11-(BD11-BF11)*(8+BC11)/(12*(2+BC11)))) -> 0.1 | BH11: =IF(BG11<1,IF(BG11>0,BG11,0),1) -> 0.1 | BI11: =(BH11-AS11)^2 -> 0 | BJ11: =(AS11-AVERAGE($AS$2:$AS$647))^2 -> 0.094171011 | BL11: Li2O | BM11: =1/BN11 -> 1 | BN11: 1 | BQ11: 0
A12: 521 | B12: 575 | C12: ='EWG-CCP-127 (1)'!B304 -> Cs-R0.32 | D12: 1 | E12: =I12+L12+M12+N12+O12+V12+X12+AB12+AD12 -> 24.242424 | F12: =Q12/(H12+P12+Q12+AC12) -> 0 | G12: 0 | H12: ='EWG-CCP-127 (1)'!J304 -> 75.757576 | I12: 0 | J12: 0 | K12: 0 | L12: ='EWG-CCP-127 (1)'!M304 -> 0 | M12: 0 | N12: 0 | O12: ='EWG-CCP-127 (1)'!L304 -> 0 | P12: 0 | Q12: 0 | R12: 0 | S12: 0 | T12: 0 | U12: 0 | V12: 0 | W12: 0 | X12: ='EWG-CCP-127 (1)'!O304 -> 24.242424 | Y12: 0 | Z12: 0 | AA12: 0 | AB12: 0 | AC12: 0 | AD12: ='EWG-CCP-127 (1)'!N304 -> 0 | AE12: 0 | AF12: 0 | AG12: ='EWG-CCP-127 (1)'!I304 -> 32 | AH12: NMR | AI12: Water or liguid nitrogen quench | AN12: =SUM(G12:AF12) -> 100 | AO12: =(L12+M12+O12+X12)/100 -> 0.24242424 | AP12: =G12/100 -> 0 | AQ12: =H12/100 -> 0.75757576 | AR12: =Q12/100 -> 0 | AS12: =AG12/100 -> 0.32 | AU12: =AR12/(AQ12+AP12) -> 0 | AV12: =AO12/(AP12+AQ12) -> 0.32 | AW12: =0.5+AU12/16 -> 0.5 | AX12: =0.5+AU12/4 -> 0.5 | AY12: =IF(AV12<=AW12,AV12,IF(AV12<=AX12,AW12,AW12-(AV12-AX12)*(8+AU12)/(12*(2+AU12)))) -> 0.32 | AZ12: =IF(AY12<1,AY12,1) -> 0.32 | BA12: =ABS(AZ12-AS12) -> 5.5511151e-17 | BC12: =(Q12)/($BM$3*H12+$BM$4*G12+$BM$5*P12+$BM$6*K12+$BM$7*S12+$BM$8*U12+$BM$9*Y12) -> 0 | BD12: =(O12+$BM$11*M12+$BM$12*L12+$BM$13*X12+$BM$14*AD12+$BM$15*I12+$BM$16*N12+$BM$17*AB12+$BM$18*V12+$BM$19*T12+$BM$20*AA12+$BM$21*Z12+$BM$22*AF12+$BM$23*W12)/($BM$3*$H12+$BM$4*$G12+$BM$5*$P12+$BM$6*$K12+$BM$7*$S12+$BM$8*$U12+$BM$9*$Y12) -> 0.32 | BE12: =$BM$25+BC12*$BM$26 -> 0.5898248 | BF12: =$BM$27+BC12*$BM$28 -> 0.095973821 | BG12: =IF(BD12<=BE12,BD12,IF(BD12<=BF12,BE12,BE12-(BD12-BF12)*(8+BC12)/(12*(2+BC12)))) -> 0.32 | BH12: =IF(BG12<1,IF(BG12>0,BG12,0),1) -> 0.32 | BI12: =(BH12-AS12)^2 -> 0 | BJ12: =(AS12-AVERAGE($AS$2:$AS$647))^2 -> 0.0075469104 | BL12: K2O | BM12: =1/BN12 -> 1 | BN12: 1 | BQ12: 1
A13: 584 | B13: 611 | D13: 1 | E13: =I13+L13+M13+N13+O13+V13+X13+AB13+AD13 -> 0 | F13: =Q13/(H13+P13+Q13+AC13) -> 0 | G13: 0 | H13: =100-L13 -> 100 | I13: 0 | J13: 0 | K13: 0 | L13: 0 | M13: 0 | N13: 0 | O13: 0 | P13: 0 | Q13: 0 | R13: 0 | S13: 0 | T13: 0 | U13: 0 | V13: 0 | W13: 0 | X13: 0 | Y13: 0 | Z13: 0 | AA13: 0 | AB13: 0 | AC13: 0 | AD13: 0 | AE13: 0 | AF13: 0 | AG13: 0 | AH13: NMR | AI13: Nitrogen cooled | AK13: Powder | AL13: Atm | AN13: =SUM(G13:AF13) -> 100 | AO13: =(L13+M13+O13+X13)/100 -> 0 | AP13: =G13/100 -> 0 | AQ13: =H13/100 -> 1 | AR13: =Q13/100 -> 0 | AS13: =AG13/100 -> 0 | AU13: =AR13/(AQ13+AP13) -> 0 | AV13: =AO13/(AP13+AQ13) -> 0 | AW13: =0.5+AU13/16 -> 0.5 | AX13: =0.5+AU13/4 -> 0.5 | AY13: =IF(AV13<=AW13,AV13,IF(AV13<=AX13,AW13,AW13-(AV13-AX13)*(8+AU13)/(12*(2+AU13)))) -> 0 | AZ13: =IF(AY13<1,AY13,1) -> 0 | BA13: =ABS(AZ13-AS13) -> 0 | BC13: =(Q13)/($BM$3*H13+$BM$4*G13+$BM$5*P13+$BM$6*K13+$BM$7*S13+$BM$8*U13+$BM$9*Y13) -> 0 | BD13: =(O13+$BM$11*M13+$BM$12*L13+$BM$13*X13+$BM$14*AD13+$BM$15*I13+$BM$16*N13+$BM$17*AB13+$BM$18*V13+$BM$19*T13+$BM$20*AA13+$BM$21*Z13+$BM$22*AF13+$BM$23*W13)/($BM$3*$H13+$BM$4*$G13+$BM$5*$P13+$BM$6*$K13+$BM$7*$S13+$BM$8*$U13+$BM$9*$Y13) -> 0 | BE13: =$BM$25+BC13*$BM$26 -> 0.5898248 | BF13: =$BM$27+BC13*$BM$28 -> 0.095973821 | BG13: =IF(BD13<=BE13,BD13,IF(BD13<=BF13,BE13,BE13-(BD13-BF13)*(8+BC13)/(12*(2+BC13)))) -> 0 | BH13: =IF(BG13<1,IF(BG13>0,BG13,0),1) -> 0 | BI13: =(BH13-AS13)^2 -> 0 | BJ13: =(AS13-AVERAGE($AS$2:$AS$647))^2 -> 0.1655456 | BL13: Cs2O | BM13: =1/BN13 -> 1 | BN13: 1
A14: 495 | B14: 549 | C14: ='EWG-CCP-127 (1)'!B278 -> Li-R0.03 | D14: 1 | E14: =I14+L14+M14+N14+O14+V14+X14+AB14+AD14 -> 2.9126214 | F14: =Q14/(H14+P14+Q14+AC14) -> 0 | G14: 0 | H14: ='EWG-CCP-127 (1)'!J278 -> 97.087379 | I14: 0 | J14: 0 | K14: 0 | L14: ='EWG-CCP-127 (1)'!M278 -> 0 | M14: 2.9126214 | N14: 0 | O14: ='EWG-CCP-127 (1)'!L278 -> 0 | P14: 0 | Q14: 0 | R14: 0 | S14: 0 | T14: 0 | U14: 0 | V14: 0 | W14: 0 | X14: ='EWG-CCP-127 (1)'!O278 -> 0 | Y14: 0 | Z14: 0 | AA14: 0 | AB14: 0 | AC14: 0 | AD14: ='EWG-CCP-127 (1)'!N278 -> 0 | AE14: 0 | AF14: 0 | AG14: ='EWG-CCP-127 (1)'!I278 -> 3 | AH14: NMR | AI14: Water or liguid nitrogen quench | AK14: Powder | AL14: Atm | AN14: =SUM(G14:AF14) -> 100 | AO14: =(L14+M14+O14+X14)/100 -> 0.029126214 | AP14: =G14/100 -> 0 | AQ14: =H14/100 -> 0.97087379 | AR14: =Q14/100 -> 0 | AS14: =AG14/100 -> 0.03 | AU14: =AR14/(AQ14+AP14) -> 0 | AV14: =AO14/(AP14+AQ14) -> 0.03 | AW14: =0.5+AU14/16 -> 0.5 | AX14: =0.5+AU14/4 -> 0.5 | AY14: =IF(AV14<=AW14,AV14,IF(AV14<=AX14,AW14,AW14-(AV14-AX14)*(8+AU14)/(12*(2+AU14)))) -> 0.03 | AZ14: =IF(AY14<1,AY14,1) -> 0.03 | BA14: =ABS(AZ14-AS14) -> 3.469447e-18 | BC14: =(Q14)/($BM$3*H14+$BM$4*G14+$BM$5*P14+$BM$6*K14+$BM$7*S14+$BM$8*U14+$BM$9*Y14) -> 0 | BD14: =(O14+$BM$11*M14+$BM$12*L14+$BM$13*X14+$BM$14*AD14+$BM$15*I14+$BM$16*N14+$BM$17*AB14+$BM$18*V14+$BM$19*T14+$BM$20*AA14+$BM$21*Z14+$BM$22*AF14+$BM$23*W14)/($BM$3*$H14+$BM$4*$G14+$BM$5*$P14+$BM$6*$K14+$BM$7*$S14+$BM$8*$U14+$BM$9*$Y14) -> 0.03 | BE14: =$BM$25+BC14*$BM$26 -> 0.5898248 | BF14: =$BM$27+BC14*$BM$28 -> 0.095973821 | BG14: =IF(BD14<=BE14,BD14,IF(BD14<=BF14,BE14,BE14-(BD14-BF14)*(8+BC14)/(12*(2+BC14)))) -> 0.03 | BH14: =IF(BG14<1,IF(BG14>0,BG14,0),1) -> 0.03 | BI14: =(BH14-AS14)^2 -> 1.2037062e-35 | BJ14: =(AS14-AVERAGE($AS$2:$AS$647))^2 -> 0.14203322 | BL14: Rb2O | BM14: =1/BN14 -> 1 | BN14: 1
A15: 503 | B15: 557 | C15: ='EWG-CCP-127 (1)'!B286 -> Na-R0.03 | D15: 1 | E15: =I15+L15+M15+N15+O15+V15+X15+AB15+AD15 -> 2.9126214 | F15: =Q15/(H15+P15+Q15+AC15) -> 0 | G15: 0 | H15: ='EWG-CCP-127 (1)'!J286 -> 97.087379 | I15: 0 | J15: 0 | K15: 0 | L15: ='EWG-CCP-127 (1)'!M286 -> 0 | M15: 0 | N15: 0 | O15: ='EWG-CCP-127 (1)'!L286 -> 2.9126214 | P15: 0 | Q15: 0 | R15: 0 | S15: 0 | T15: 0 | U15: 0 | V15: 0 | W15: 0 | X15: ='EWG-CCP-127 (1)'!O286 -> 0 | Y15: 0 | Z15: 0 | AA15: 0 | AB15: 0 | AC15: 0 | AD15: ='EWG-CCP-127 (1)'!N286 -> 0 | AE15: 0 | AF15: 0 | AG15: ='EWG-CCP-127 (1)'!I286 -> 3 | AH15: NMR | AI15: Water or liguid nitrogen quench | AN15: =SUM(G15:AF15) -> 100 | AO15: =(L15+M15+O15+X15)/100 -> 0.029126214 | AP15: =G15/100 -> 0 | AQ15: =H15/100 -> 0.97087379 | AR15: =Q15/100 -> 0 | AS15: =AG15/100 -> 0.03 | AU15: =AR15/(AQ15+AP15) -> 0 | AV15: =AO15/(AP15+AQ15) -> 0.03 | AW15: =0.5+AU15/16 -> 0.5 | AX15: =0.5+AU15/4 -> 0.5 | AY15: =IF(AV15<=AW15,AV15,IF(AV15<=AX15,AW15,AW15-(AV15-AX15)*(8+AU15)/(12*(2+AU15)))) -> 0.03 | AZ15: =IF(AY15<1,AY15,1) -> 0.03 | BA15: =ABS(AZ15-AS15) -> 3.469447e-18 | BC15: =(Q15)/($BM$3*H15+$BM$4*G15+$BM$5*P15+$BM$6*K15+$BM$7*S15+$BM$8*U15+$BM$9*Y15) -> 0 | BD15: =(O15+$BM$11*M15+$BM$12*L15+$BM$13*X15+$BM$14*AD15+$BM$15*I15+$BM$16*N15+$BM$17*AB15+$BM$18*V15+$BM$19*T15+$BM$20*AA15+$BM$21*Z15+$BM$22*AF15+$BM$23*W15)/($BM$3*$H15+$BM$4*$G15+$BM$5*$P15+$BM$6*$K15+$BM$7*$S15+$BM$8*$U15+$BM$9*$Y15) -> 0.03 | BE15: =$BM$25+BC15*$BM$26 -> 0.5898248 | BF15: =$BM$27+BC15*$BM$28 -> 0.095973821 | BG15: =IF(BD15<=BE15,BD15,IF(BD15<=BF15,BE15,BE15-(BD15-BF15)*(8+BC15)/(12*(2+BC15)))) -> 0.03 | BH15: =IF(BG15<1,IF(BG15>0,BG15,0),1) -> 0.03 | BI15: =(BH15-AS15)^2 -> 1.2037062e-35 | BJ15: =(AS15-AVERAGE($AS$2:$AS$647))^2 -> 0.14203322 | BL15: CaO | BM15: =1/BN15 -> 0.5 | BN15: 2
A16: 287 | B16: 176 | D16: 1 | E16: =I16+L16+M16+N16+O16+V16+X16+AB16+AD16 -> 4.7619048 | F16: =Q16/(H16+P16+Q16+AC16) -> 0.66666667 | G16: 0 | H16: ='EWG-CCP-127 (1)'!M105 -> 31.746032 | I16: 0 | J16: 0 | K16: 0 | L16: 0 | M16: 0 | N16: 0 | O16: ='EWG-CCP-127 (1)'!L105 -> 4.7619048 | P16: 0 | Q16: ='EWG-CCP-127 (1)'!K105 -> 63.492063 | R16: 0 | S16: 0 | T16: 0 | U16: 0 | V16: 0 | W16: 0 | X16: 0 | Y16: 0 | Z16: 0 | AA16: 0 | AB16: 0 | AC16: 0 | AD16: 0 | AE16: 0 | AF16: 0 | AG16: ='EWG-CCP-127 (1)'!E105 -> 15 | AH16: NMR | AI16: Water quench | AN16: =SUM(G16:AF16) -> 100 | AO16: =(L16+M16+O16+X16)/100 -> 0.047619048 | AP16: =G16/100 -> 0 | AQ16: =H16/100 -> 0.31746032 | AR16: =Q16/100 -> 0.63492063 | AS16: =AG16/100 -> 0.15 | AU16: =AR16/(AQ16+AP16) -> 2 | AV16: =AO16/(AP16+AQ16) -> 0.15 | AW16: =0.5+AU16/16 -> 0.625 | AX16: =0.5+AU16/4 -> 1 | AY16: =IF(AV16<=AW16,AV16,IF(AV16<=AX16,AW16,AW16-(AV16-AX16)*(8+AU16)/(12*(2+AU16)))) -> 0.15 | AZ16: =IF(AY16<1,AY16,1) -> 0.15 | BA16: =ABS(AZ16-AS16) -> 0 | BC16: =(Q16)/($BM$3*H16+$BM$4*G16+$BM$5*P16+$BM$6*K16+$BM$7*S16+$BM$8*U16+$BM$9*Y16) -> 2 | BD16: =(O16+$BM$11*M16+$BM$12*L16+$BM$13*X16+$BM$14*AD16+$BM$15*I16+$BM$16*N16+$BM$17*AB16+$BM$18*V16+$BM$19*T16+$BM$20*AA16+$BM$21*Z16+$BM$22*AF16+$BM$23*W16)/($BM$3*$H16+$BM$4*$G16+$BM$5*$P16+$BM$6*$K16+$BM$7*$S16+$BM$8*$U16+$BM$9*$Y16) -> 0.15 | BE16: =$BM$25+BC16*$BM$26 -> 0.62764378 | BF16: =$BM$27+BC16*$BM$28 -> 1.1005923 | BG16: =IF(BD16<=BE16,BD16,IF(BD16<=BF16,BE16,BE16-(BD16-BF16)*(8+BC16)/(12*(2+BC16)))) -> 0.15 | BH16: =IF(BG16<1,IF(BG16>0,BG16,0),1) -> 0.15 | BI16: =(BH16-AS16)^2 -> 7.7037198e-34 | BJ16: =(AS16-AVERAGE($AS$2:$AS$647))^2 -> 0.065983715 | BL16: MgO | BM16: =1/BN16 -> 0.5 | BN16: 2
A17: 169 | B17: 105 | C17: NABS-Zr | D17: 1 | E17: =I17+L17+M17+N17+O17+V17+X17+AB17+AD17 -> 15 | F17: =Q17/(H17+P17+Q17+AC17) -> 0.70833333 | G17: 8 | H17: 21 | I17: 0 | J17: 0 | K17: 0 | L17: 0 | M17: 0 | N17: 0 | O17: 15 | P17: 0 | Q17: 51 | R17: 0 | S17: 0 | T17: 0 | U17: 5 | V17: 0 | W17: 0 | X17: 0 | Y17: 0 | Z17: 0 | AA17: 0 | AB17: 0 | AC17: 0 | AD17: 0 | AE17: 0 | AF17: 0 | AG17: 22 | AH17: NMR | AI17: Water quench | AL17: Atm | AM17: ZrO2 reported as Zr1/2O | AN17: =SUM(G17:AF17) -> 100 | AO17: =(L17+M17+O17+X17)/100 -> 0.15 | AP17: =G17/100 -> 0.08 | AQ17: =H17/100 -> 0.21 | AR17: =Q17/100 -> 0.51 | AS17: =AG17/100 -> 0.22 | AU17: =AR17/(AQ17+AP17) -> 1.7586207 | AV17: =AO17/(AP17+AQ17) -> 0.51724138 | AW17: =0.5+AU17/16 -> 0.60991379 | AX17: =0.5+AU17/4 -> 0.93965517 | AY17: =IF(AV17<=AW17,AV17,IF(AV17<=AX17,AW17,AW17-(AV17-AX17)*(8+AU17)/(12*(2+AU17)))) -> 0.51724138 | AZ17: =IF(AY17<1,AY17,1) -> 0.51724138 | BA17: =ABS(AZ17-AS17) -> 0.29724138 | BC17: =(Q17)/($BM$3*H17+$BM$4*G17+$BM$5*P17+$BM$6*K17+$BM$7*S17+$BM$8*U17+$BM$9*Y17) -> 0.75 | BD17: =(O17+$BM$11*M17+$BM$12*L17+$BM$13*X17+$BM$14*AD17+$BM$15*I17+$BM$16*N17+$BM$17*AB17+$BM$18*V17+$BM$19*T17+$BM$20*AA17+$BM$21*Z17+$BM$22*AF17+$BM$23*W17)/($BM$3*$H17+$BM$4*$G17+$BM$5*$P17+$BM$6*$K17+$BM$7*$S17+$BM$8*$U17+$BM$9*$Y17) -> 0.22058824 | BE17: =$BM$25+BC17*$BM$26 -> 0.60400691 | BF17: =$BM$27+BC17*$BM$28 -> 0.47270577 | BG17: =IF(BD17<=BE17,BD17,IF(BD17<=BF17,BE17,BE17-(BD17-BF17)*(8+BC17)/(12*(2+BC17)))) -> 0.22058824 | BH17: =IF(BG17<1,IF(BG17>0,BG17,0),1) -> 0.22058824 | BI17: =(BH17-AS17)^2 -> 3.4602076e-07 | BJ17: =(AS17-AVERAGE($AS$2:$AS$647))^2 -> 0.034921501 | BL17: SrO | BM17: =1/BN17 -> 0.5 | BN17: 2
A18: 638 | B18: 648 | D18: 1 | E18: =I18+L18+M18+N18+O18+V18+X18+AB18+AD18 -> 0.76758 | F18: =Q18/(H18+P18+Q18+AC18) -> 0 | G18: 0 | H18: ='EWG-CCP-127 (1)'!C362 -> 99.23242 | I18: 0 | J18: 0 | K18: 0 | L18: 0 | M18: 0 | N18: 0 | O18: ='EWG-CCP-127 (1)'!D362 -> 0.76758 | P18: 0 | Q18: 0 | R18: 0 | S18: 0 | T18: 0 | U18: 0 | V18: 0 | W18: 0 | X18: 0 | Y18: 0 | Z18: 0 | AA18: 0 | AB18: 0 | AC18: 0 | AD18: 0 | AE18: 0 | AF18: 0 | AG18: ='EWG-CCP-127 (1)'!F362 -> 0.691 | AH18: NMR | AI18: Air quench | AL18: Atm | AN18: =SUM(G18:AF18) -> 100 | AO18: =(L18+M18+O18+X18)/100 -> 0.0076758 | AP18: =G18/100 -> 0 | AQ18: =H18/100 -> 0.9923242 | AR18: =Q18/100 -> 0 | AS18: =AG18/100 -> 0.00691 | AU18: =AR18/(AQ18+AP18) -> 0 | AV18: =AO18/(AP18+AQ18) -> 0.0077351736 | AW18: =0.5+AU18/16 -> 0.5 | AX18: =0.5+AU18/4 -> 0.5 | AY18: =IF(AV18<=AW18,AV18,IF(AV18<=AX18,AW18,AW18-(AV18-AX18)*(8+AU18)/(12*(2+AU18)))) -> 0.0077351736 | AZ18: =IF(AY18<1,AY18,1) -> 0.0077351736 | BA18: =ABS(AZ18-AS18) -> 0.00082517365 | BC18: =(Q18)/($BM$3*H18+$BM$4*G18+$BM$5*P18+$BM$6*K18+$BM$7*S18+$BM$8*U18+$BM$9*Y18) -> 0 | BD18: =(O18+$BM$11*M18+$BM$12*L18+$BM$13*X18+$BM$14*AD18+$BM$15*I18+$BM$16*N18+$BM$17*AB18+$BM$18*V18+$BM$19*T18+$BM$20*AA18+$BM$21*Z18+$BM$22*AF18+$BM$23*W18)/($BM$3*$H18+$BM$4*$G18+$BM$5*$P18+$BM$6*$K18+$BM$7*$S18+$BM$8*$U18+$BM$9*$Y18) -> 0.0077351736 | BE18: =$BM$25+BC18*$BM$26 -> 0.5898248 | BF18: =$BM$27+BC18*$BM$28 -> 0.095973821 | BG18: =IF(BD18<=BE18,BD18,IF(BD18<=BF18,BE18,BE18-(BD18-BF18)*(8+BC18)/(12*(2+BC18)))) -> 0.0077351736 | BH18: =IF(BG18<1,IF(BG18>0,BG18,0),1) -> 0.0077351736 | BI18: =(BH18-AS18)^2 -> 6.8091155e-07 | BJ18: =(AS18-AVERAGE($AS$2:$AS$647))^2 -> 0.15997037 | BL18: BaO | BM18: =1/BN18 -> 0.5 | BN18: 2
A19: 247 | B19: 506 | C19: ='EWG-CCP-127 (1)'!B62 -> 7 | D19: 1 | E19: =I19+L19+M19+N19+O19+V19+X19+AB19+AD19 -> 34.782609 | F19: =Q19/(H19+P19+Q19+AC19) -> 0.33333333 | G19: 0 | H19: ='EWG-CCP-127 (1)'!M62 -> 43.478261 | I19: 0 | J19: 0 | K19: 0 | L19: 0 | M19: 0 | N19: 0 | O19: ='EWG-CCP-127 (1)'!L62 -> 34.782609 | P19: 0 | Q19: ='EWG-CCP-127 (1)'!K62 -> 21.73913 | R19: 0 | S19: 0 | T19: 0 | U19: 0 | V19: 0 | W19: 0 | X19: 0 | Y19: 0 | Z19: 0 | AA19: 0 | AB19: 0 | AC19: 0 | AD19: 0 | AE19: 0 | AF19: 0 | AG19: ='EWG-CCP-127 (1)'!E62 -> 47 | AH19: NMR | AI19: Air quench | AN19: =SUM(G19:AF19) -> 100 | AO19: =(L19+M19+O19+X19)/100 -> 0.34782609 | AP19: =G19/100 -> 0 | AQ19: =H19/100 -> 0.43478261 | AR19: =Q19/100 -> 0.2173913 | AS19: =AG19/100 -> 0.47 | AU19: =AR19/(AQ19+AP19) -> 0.5 | AV19: =AO19/(AP19+AQ19) -> 0.8 | AW19: =0.5+AU19/16 -> 0.53125 | AX19: =0.5+AU19/4 -> 0.625 | AY19: =IF(AV19<=AW19,AV19,IF(AV19<=AX19,AW19,AW19-(AV19-AX19)*(8+AU19)/(12*(2+AU19)))) -> 0.48166667 | AZ19: =IF(AY19<1,AY19,1) -> 0.48166667 | BA19: =ABS(AZ19-AS19) -> 0.011666667 | BC19: =(Q19)/($BM$3*H19+$BM$4*G19+$BM$5*P19+$BM$6*K19+$BM$7*S19+$BM$8*U19+$BM$9*Y19) -> 0.5 | BD19: =(O19+$BM$11*M19+$BM$12*L19+$BM$13*X19+$BM$14*AD19+$BM$15*I19+$BM$16*N19+$BM$17*AB19+$BM$18*V19+$BM$19*T19+$BM$20*AA19+$BM$21*Z19+$BM$22*AF19+$BM$23*W19)/($BM$3*$H19+$BM$4*$G19+$BM$5*$P19+$BM$6*$K19+$BM$7*$S19+$BM$8*$U19+$BM$9*$Y19) -> 0.8 | BE19: =$BM$25+BC19*$BM$26 -> 0.59927954 | BF19: =$BM$27+BC19*$BM$28 -> 0.34712845 | BG19: =IF(BD19<=BE19,BD19,IF(BD19<=BF19,BE19,BE19-(BD19-BF19)*(8+BC19)/(12*(2+BC19)))) -> 0.47096594 | BH19: =IF(BG19<1,IF(BG19>0,BG19,0),1) -> 0.47096594 | BI19: =(BH19-AS19)^2 -> 9.330315e-07 | BJ19: =(AS19-AVERAGE($AS$2:$AS$647))^2 -> 0.0039850238 | BL19: ZnO | BM19: =1/BN19 -> 0.5 | BN19: 2
A20: 137 | B20: 460 | C20: Li25 | D20: 1 | E20: =I20+L20+M20+N20+O20+V20+X20+AB20+AD20 -> 24.7 | F20: =Q20/(H20+P20+Q20+AC20) -> 0 | G20: 0 | H20: 75.3 | I20: 0 | J20: 0 | K20: 0 | L20: 0 | M20: 24.7 | N20: 0 | O20: 0 | P20: 0 | Q20: 0 | R20: 0 | S20: 0 | T20: 0 | U20: 0 | V20: 0 | W20: 0 | X20: 0 | Y20: 0 | Z20: 0 | AA20: 0 | AB20: 0 | AC20: 0 | AD20: 0 | AE20: 0 | AF20: 0 | AG20: 32.9 | AH20: NMR | AI20: Air quench | AN20: =SUM(G20:AF20) -> 100 | AO20: =(L20+M20+O20+X20)/100 -> 0.247 | AP20: =G20/100 -> 0 | AQ20: =H20/100 -> 0.753 | AR20: =Q20/100 -> 0 | AS20: =AG20/100 -> 0.329 | AU20: =AR20/(AQ20+AP20) -> 0 | AV20: =AO20/(AP20+AQ20) -> 0.32802125 | AW20: =0.5+AU20/16 -> 0.5 | AX20: =0.5+AU20/4 -> 0.5 | AY20: =IF(AV20<=AW20,AV20,IF(AV20<=AX20,AW20,AW20-(AV20-AX20)*(8+AU20)/(12*(2+AU20)))) -> 0.32802125 | AZ20: =IF(AY20<1,AY20,1) -> 0.32802125 | BA20: =ABS(AZ20-AS20) -> 0.00097875166 | BC20: =(Q20)/($BM$3*H20+$BM$4*G20+$BM$5*P20+$BM$6*K20+$BM$7*S20+$BM$8*U20+$BM$9*Y20) -> 0 | BD20: =(O20+$BM$11*M20+$BM$12*L20+$BM$13*X20+$BM$14*AD20+$BM$15*I20+$BM$16*N20+$BM$17*AB20+$BM$18*V20+$BM$19*T20+$BM$20*AA20+$BM$21*Z20+$BM$22*AF20+$BM$23*W20)/($BM$3*$H20+$BM$4*$G20+$BM$5*$P20+$BM$6*$K20+$BM$7*$S20+$BM$8*$U20+$BM$9*$Y20) -> 0.32802125 | BE20: =$BM$25+BC20*$BM$26 -> 0.5898248 | BF20: =$BM$27+BC20*$BM$28 -> 0.095973821 | BG20: =IF(BD20<=BE20,BD20,IF(BD20<=BF20,BE20,BE20-(BD20-BF20)*(8+BC20)/(12*(2+BC20)))) -> 0.32802125 | BH20: =IF(BG20<1,IF(BG20>0,BG20,0),1) -> 0.32802125 | BI20: =(BH20-AS20)^2 -> 9.5795481e-07 | BJ20: =(AS20-AVERAGE($AS$2:$AS$647))^2 -> 0.0060641972 | BL20: PbO | BM20: =1/BN20 -> 0.5 | BN20: 2
A21: 303 | B21: 190 | D21: 1 | E21: =I21+L21+M21+N21+O21+V21+X21+AB21+AD21 -> 10.002639 | F21: =Q21/(H21+P21+Q21+AC21) -> 0.70674487 | G21: 0 | H21: ='EWG-CCP-127 (1)'!M121 -> 26.392188 | I21: 0 | J21: 0 | K21: 0 | L21: 0 | M21: 0 | N21: 0 | O21: ='EWG-CCP-127 (1)'!L121 -> 10.002639 | P21: 0 | Q21: ='EWG-CCP-127 (1)'!K121 -> 63.605173 | R21: 0 | S21: 0 | T21: 0 | U21: 0 | V21: 0 | W21: 0 | X21: 0 | Y21: 0 | Z21: 0 | AA21: 0 | AB21: 0 | AC21: 0 | AD21: 0 | AE21: 0 | AF21: 0 | AG21: ='EWG-CCP-127 (1)'!E121 -> 38 | AH21: NMR | AI21: Water quench | AN21: =SUM(G21:AF21) -> 100 | AO21: =(L21+M21+O21+X21)/100 -> 0.10002639 | AP21: =G21/100 -> 0 | AQ21: =H21/100 -> 0.26392188 | AR21: =Q21/100 -> 0.63605173 | AS21: =AG21/100 -> 0.38 | AU21: =AR21/(AQ21+AP21) -> 2.41 | AV21: =AO21/(AP21+AQ21) -> 0.379 | AW21: =0.5+AU21/16 -> 0.650625 | AX21: =0.5+AU21/4 -> 1.1025 | AY21: =IF(AV21<=AW21,AV21,IF(AV21<=AX21,AW21,AW21-(AV21-AX21)*(8+AU21)/(12*(2+AU21)))) -> 0.379 | AZ21: =IF(AY21<1,AY21,1) -> 0.379 | BA21: =ABS(AZ21-AS21) -> 0.001 | BC21: =(Q21)/($BM$3*H21+$BM$4*G21+$BM$5*P21+$BM$6*K21+$BM$7*S21+$BM$8*U21+$BM$9*Y21) -> 2.41 | BD21: =(O21+$BM$11*M21+$BM$12*L21+$BM$13*X21+$BM$14*AD21+$BM$15*I21+$BM$16*N21+$BM$17*AB21+$BM$18*V21+$BM$19*T21+$BM$20*AA21+$BM$21*Z21+$BM$22*AF21+$BM$23*W21)/($BM$3*$H21+$BM$4*$G21+$BM$5*$P21+$BM$6*$K21+$BM$7*$S21+$BM$8*$U21+$BM$9*$Y21) -> 0.379 | BE21: =$BM$25+BC21*$BM$26 -> 0.63539667 | BF21: =$BM$27+BC21*$BM$28 -> 1.3065391 | BG21: =IF(BD21<=BE21,BD21,IF(BD21<=BF21,BE21,BE21-(BD21-BF21)*(8+BC21)/(12*(2+BC21)))) -> 0.379 | BH21: =IF(BG21<1,IF(BG21>0,BG21,0),1) -> 0.379 | BI21: =(BH21-AS21)^2 -> 1e-06 | BJ21: =(AS21-AVERAGE($AS$2:$AS$647))^2 -> 0.00072215573 | BL21: La2O3 | BM21: =1/BN21 -> 0.33333333 | BN21: 3
A22: 46 | B22: 34 | C22: 0Ca1La | D22: 1 | E22: =I22+L22+M22+N22+O22+V22+X22+AB22+AD22 -> 20 | F22: =Q22/(H22+P22+Q22+AC22) -> 0.78481013 | G22: 0 | H22: 17 | I22: 0 | J22: 0 | K22: 0 | L22: 0 | M22: 0 | N22: 0 | O22: 20 | P22: 0 | Q22: 62 | R22: 0 | S22: 0 | T22: 0 | U22: 0 | V22: 0 | W22: 0 | X22: 0 | Y22: 0 | Z22: 1 | AA22: 0 | AB22: 0 | AC22: 0 | AD22: 0 | AE22: 0 | AF22: 0 | AG22: 66 | AH22: NMR | AI22: Air quench | AN22: =SUM(G22:AF22) -> 100 | AO22: =(L22+M22+O22+X22)/100 -> 0.2 | AP22: =G22/100 -> 0 | AQ22: =H22/100 -> 0.17 | AR22: =Q22/100 -> 0.62 | AS22: =AG22/100 -> 0.66 | AU22: =AR22/(AQ22+AP22) -> 3.6470588 | AV22: =AO22/(AP22+AQ22) -> 1.1764706 | AW22: =0.5+AU22/16 -> 0.72794118 | AX22: =0.5+AU22/4 -> 1.4117647 | AY22: =IF(AV22<=AW22,AV22,IF(AV22<=AX22,AW22,AW22-(AV22-AX22)*(8+AU22)/(12*(2+AU22)))) -> 0.72794118 | AZ22: =IF(AY22<1,AY22,1) -> 0.72794118 | BA22: =ABS(AZ22-AS22) -> 0.067941176 | BC22: =(Q22)/($BM$3*H22+$BM$4*G22+$BM$5*P22+$BM$6*K22+$BM$7*S22+$BM$8*U22+$BM$9*Y22) -> 3.6470588 | BD22: =(O22+$BM$11*M22+$BM$12*L22+$BM$13*X22+$BM$14*AD22+$BM$15*I22+$BM$16*N22+$BM$17*AB22+$BM$18*V22+$BM$19*T22+$BM$20*AA22+$BM$21*Z22+$BM$22*AF22+$BM$23*W22)/($BM$3*$H22+$BM$4*$G22+$BM$5*$P22+$BM$6*$K22+$BM$7*$S22+$BM$8*$U22+$BM$9*$Y22) -> 1.1960784 | BE22: =$BM$25+BC22*$BM$26 -> 0.65878882 | BF22: =$BM$27+BC22*$BM$28 -> 1.9279252 | BG22: =IF(BD22<=BE22,BD22,IF(BD22<=BF22,BE22,BE22-(BD22-BF22)*(8+BC22)/(12*(2+BC22)))) -> 0.65878882 | BH22: =IF(BG22<1,IF(BG22>0,BG22,0),1) -> 0.65878882 | BI22: =(BH22-AS22)^2 -> 1.4669573e-06 | BJ22: =(AS22-AVERAGE($AS$2:$AS$647))^2 -> 0.064073301 | BL22: Y2O3 | BM22: =1/BN22 -> 0.33333333 | BN22: 3
A23: 507 | B23: 561 | C23: ='EWG-CCP-127 (1)'!B290 -> Na-R0.7 | D23: 1 | E23: =I23+L23+M23+N23+O23+V23+X23+AB23+AD23 -> 41.176471 | F23: =Q23/(H23+P23+Q23+AC23) -> 0 | G23: 0 | H23: ='EWG-CCP-127 (1)'!J290 -> 58.823529 | I23: 0 | J23: 0 | K23: 0 | L23: ='EWG-CCP-127 (1)'!M290 -> 0 | M23: 0 | N23: 0 | O23: ='EWG-CCP-127 (1)'!L290 -> 41.176471 | P23: 0 | Q23: 0 | R23: 0 | S23: 0 | T23: 0 | U23: 0 | V23: 0 | W23: 0 | X23: ='EWG-CCP-127 (1)'!O290 -> 0 | Y23: 0 | Z23: 0 | AA23: 0 | AB23: 0 | AC23: 0 | AD23: ='EWG-CCP-127 (1)'!N290 -> 0 | AE23: 0 | AF23: 0 | AG23: ='EWG-CCP-127 (1)'!I290 -> 39 | AH23: NMR | AI23: Water or liguid nitrogen quench | AN23: =SUM(G23:AF23) -> 100 | AO23: =(L23+M23+O23+X23)/100 -> 0.41176471 | AP23: =G23/100 -> 0 | AQ23: =H23/100 -> 0.58823529 | AR23: =Q23/100 -> 0 | AS23: =AG23/100 -> 0.39 | AU23: =AR23/(AQ23+AP23) -> 0 | AV23: =AO23/(AP23+AQ23) -> 0.7 | AW23: =0.5+AU23/16 -> 0.5 | AX23: =0.5+AU23/4 -> 0.5 | AY23: =IF(AV23<=AW23,AV23,IF(AV23<=AX23,AW23,AW23-(AV23-AX23)*(8+AU23)/(12*(2+AU23)))) -> 0.43333333 | AZ23: =IF(AY23<1,AY23,1) -> 0.43333333 | BA23: =ABS(AZ23-AS23) -> 0.043333333 | BC23: =(Q23)/($BM$3*H23+$BM$4*G23+$BM$5*P23+$BM$6*K23+$BM$7*S23+$BM$8*U23+$BM$9*Y23) -> 0 | BD23: =(O23+$BM$11*M23+$BM$12*L23+$BM$13*X23+$BM$14*AD23+$BM$15*I23+$BM$16*N23+$BM$17*AB23+$BM$18*V23+$BM$19*T23+$BM$20*AA23+$BM$21*Z23+$BM$22*AF23+$BM$23*W23)/($BM$3*$H23+$BM$4*$G23+$BM$5*$P23+$BM$6*$K23+$BM$7*$S23+$BM$8*$U23+$BM$9*$Y23) -> 0.7 | BE23: =$BM$25+BC23*$BM$26 -> 0.5898248 | BF23: =$BM$27+BC23*$BM$28 -> 0.095973821 | BG23: =IF(BD23<=BE23,BD23,IF(BD23<=BF23,BE23,BE23-(BD23-BF23)*(8+BC23)/(12*(2+BC23)))) -> 0.38848274 | BH23: =IF(BG23<1,IF(BG23>0,BG23,0),1) -> 0.38848274 | BI23: =(BH23-AS23)^2 -> 2.3020889e-06 | BJ23: =(AS23-AVERAGE($AS$2:$AS$647))^2 -> 0.00028469662 | BL23: Bi2O3 | BM23: =1/BN23 -> 0.33333333 | BN23: 3
A24: 136 | B24: 459 | C24: Li20 | D24: 1 | E24: =I24+L24+M24+N24+O24+V24+X24+AB24+AD24 -> 19.9 | F24: =Q24/(H24+P24+Q24+AC24) -> 0 | G24: 0 | H24: 80.1 | I24: 0 | J24: 0 | K24: 0 | L24: 0 | M24: 19.9 | N24: 0 | O24: 0 | P24: 0 | Q24: 0 | R24: 0 | S24: 0 | T24: 0 | U24: 0 | V24: 0 | W24: 0 | X24: 0 | Y24: 0 | Z24: 0 | AA24: 0 | AB24: 0 | AC24: 0 | AD24: 0 | AE24: 0 | AF24: 0 | AG24: 25 | AH24: NMR | AI24: Air quench | AN24: =SUM(G24:AF24) -> 100 | AO24: =(L24+M24+O24+X24)/100 -> 0.199 | AP24: =G24/100 -> 0 | AQ24: =H24/100 -> 0.801 | AR24: =Q24/100 -> 0 | AS24: =AG24/100 -> 0.25 | AU24: =AR24/(AQ24+AP24) -> 0 | AV24: =AO24/(AP24+AQ24) -> 0.24843945 | AW24: =0.5+AU24/16 -> 0.5 | AX24: =0.5+AU24/4 -> 0.5 | AY24: =IF(AV24<=AW24,AV24,IF(AV24<=AX24,AW24,AW24-(AV24-AX24)*(8+AU24)/(12*(2+AU24)))) -> 0.24843945 | AZ24: =IF(AY24<1,AY24,1) -> 0.24843945 | BA24: =ABS(AZ24-AS24) -> 0.0015605493 | BC24: =(Q24)/($BM$3*H24+$BM$4*G24+$BM$5*P24+$BM$6*K24+$BM$7*S24+$BM$8*U24+$BM$9*Y24) -> 0 | BD24: =(O24+$BM$11*M24+$BM$12*L24+$BM$13*X24+$BM$14*AD24+$BM$15*I24+$BM$16*N24+$BM$17*AB24+$BM$18*V24+$BM$19*T24+$BM$20*AA24+$BM$21*Z24+$BM$22*AF24+$BM$23*W24)/($BM$3*$H24+$BM$4*$G24+$BM$5*$P24+$BM$6*$K24+$BM$7*$S24+$BM$8*$U24+$BM$9*$Y24) -> 0.24843945 | BE24: =$BM$25+BC24*$BM$26 -> 0.5898248 | BF24: =$BM$27+BC24*$BM$28 -> 0.095973821 | BG24: =IF(BD24<=BE24,BD24,IF(BD24<=BF24,BE24,BE24-(BD24-BF24)*(8+BC24)/(12*(2+BC24)))) -> 0.24843945 | BH24: =IF(BG24<1,IF(BG24>0,BG24,0),1) -> 0.24843945 | BI24: =(BH24-AS24)^2 -> 2.4353142e-06 | BJ24: =(AS24-AVERAGE($AS$2:$AS$647))^2 -> 0.024609124 | BL24: Thresholds
A25: 258 | B25: 150 | C25: ='EWG-CCP-127 (1)'!B73 -> 18 | D25: 1 | E25: =I25+L25+M25+N25+O25+V25+X25+AB25+AD25 -> 33.333333 | F25: =Q25/(H25+P25+Q25+AC25) -> 0.5 | G25: 0 | H25: ='EWG-CCP-127 (1)'!M73 -> 33.333333 | I25: 0 | J25: 0 | K25: 0 | L25: 0 | M25: 0 | N25: 0 | O25: ='EWG-CCP-127 (1)'!L73 -> 33.333333 | P25: 0 | Q25: ='EWG-CCP-127 (1)'!K73 -> 33.333333 | R25: 0 | S25: 0 | T25: 0 | U25: 0 | V25: 0 | W25: 0 | X25: 0 | Y25: 0 | Z25: 0 | AA25: 0 | AB25: 0 | AC25: 0 | AD25: 0 | AE25: 0 | AF25: 0 | AG25: ='EWG-CCP-127 (1)'!E73 -> 51 | AH25: NMR | AI25: Air quench | AN25: =SUM(G25:AF25) -> 100 | AO25: =(L25+M25+O25+X25)/100 -> 0.33333333 | AP25: =G25/100 -> 0 | AQ25: =H25/100 -> 0.33333333 | AR25: =Q25/100 -> 0.33333333 | AS25: =AG25/100 -> 0.51 | AU25: =AR25/(AQ25+AP25) -> 1 | AV25: =AO25/(AP25+AQ25) -> 1 | AW25: =0.5+AU25/16 -> 0.5625 | AX25: =0.5+AU25/4 -> 0.75 | AY25: =IF(AV25<=AW25,AV25,IF(AV25<=AX25,AW25,AW25-(AV25-AX25)*(8+AU25)/(12*(2+AU25)))) -> 0.5 | AZ25: =IF(AY25<1,AY25,1) -> 0.5 | BA25: =ABS(AZ25-AS25) -> 0.01 | BC25: =(Q25)/($BM$3*H25+$BM$4*G25+$BM$5*P25+$BM$6*K25+$BM$7*S25+$BM$8*U25+$BM$9*Y25) -> 1 | BD25: =(O25+$BM$11*M25+$BM$12*L25+$BM$13*X25+$BM$14*AD25+$BM$15*I25+$BM$16*N25+$BM$17*AB25+$BM$18*V25+$BM$19*T25+$BM$20*AA25+$BM$21*Z25+$BM$22*AF25+$BM$23*W25)/($BM$3*$H25+$BM$4*$G25+$BM$5*$P25+$BM$6*$K25+$BM$7*$S25+$BM$8*$U25+$BM$9*$Y25) -> 1 | BE25: =$BM$25+BC25*$BM$26 -> 0.60873429 | BF25: =$BM$27+BC25*$BM$28 -> 0.59828308 | BG25: =IF(BD25<=BE25,BD25,IF(BD25<=BF25,BE25,BE25-(BD25-BF25)*(8+BC25)/(12*(2+BC25)))) -> 0.50830506 | BH25: =IF(BG25<1,IF(BG25>0,BG25,0),1) -> 0.50830506 | BI25: =(BH25-AS25)^2 -> 2.8728336e-06 | BJ25: =(AS25-AVERAGE($AS$2:$AS$647))^2 -> 0.010635187 | BL25: Rmax cons | BM25: 0.5898248
A26: 344 | B26: 511 | C26: NBS-K0.5R0.75 | D26: 1 | E26: =I26+L26+M26+N26+O26+V26+X26+AB26+AD26 -> 33.3 | F26: =Q26/(H26+P26+Q26+AC26) -> 0.33333333 | G26: 0 | H26: 44.4 | I26: 0 | J26: 0 | K26: 0 | L26: 0 | M26: 0 | N26: 0 | O26: 33.3 | P26: 0 | Q26: 22.2 | R26: 0 | S26: 0 | T26: 0 | U26: 0 | V26: 0 | W26: 0 | X26: 0 | Y26: 0 | Z26: 0 | AA26: 0 | AB26: 0 | AC26: 0 | AD26: 0 | AE26: 0 | AF26: 0 | AG26: 48.7 | AH26: NMR | AI26: Water quench | AN26: =SUM(G26:AF26) -> 99.9 | AO26: =(L26+M26+O26+X26)/100 -> 0.333 | AP26: =G26/100 -> 0 | AQ26: =H26/100 -> 0.444 | AR26: =Q26/100 -> 0.222 | AS26: =AG26/100 -> 0.487 | AU26: =AR26/(AQ26+AP26) -> 0.5 | AV26: =AO26/(AP26+AQ26) -> 0.75 | AW26: =0.5+AU26/16 -> 0.53125 | AX26: =0.5+AU26/4 -> 0.625 | AY26: =IF(AV26<=AW26,AV26,IF(AV26<=AX26,AW26,AW26-(AV26-AX26)*(8+AU26)/(12*(2+AU26)))) -> 0.49583333 | AZ26: =IF(AY26<1,AY26,1) -> 0.49583333 | BA26: =ABS(AZ26-AS26) -> 0.0088333333 | BC26: =(Q26)/($BM$3*H26+$BM$4*G26+$BM$5*P26+$BM$6*K26+$BM$7*S26+$BM$8*U26+$BM$9*Y26) -> 0.5 | BD26: =(O26+$BM$11*M26+$BM$12*L26+$BM$13*X26+$BM$14*AD26+$BM$15*I26+$BM$16*N26+$BM$17*AB26+$BM$18*V26+$BM$19*T26+$BM$20*AA26+$BM$21*Z26+$BM$22*AF26+$BM$23*W26)/($BM$3*$H26+$BM$4*$G26+$BM$5*$P26+$BM$6*$K26+$BM$7*$S26+$BM$8*$U26+$BM$9*$Y26) -> 0.75 | BE26: =$BM$25+BC26*$BM$26 -> 0.59927954 | BF26: =$BM$27+BC26*$BM$28 -> 0.34712845 | BG26: =IF(BD26<=BE26,BD26,IF(BD26<=BF26,BE26,BE26-(BD26-BF26)*(8+BC26)/(12*(2+BC26)))) -> 0.4851326 | BH26: =IF(BG26<1,IF(BG26>0,BG26,0),1) -> 0.4851326 | BI26: =(BH26-AS26)^2 -> 3.4871745e-06 | BJ26: =(AS26-AVERAGE($AS$2:$AS$647))^2 -> 0.0064203433 | BL26: Rmax slope | BM26: 0.01890949
A27: 218 | B27: 482 | C27: 46 | D27: 1 | E27: =I27+L27+M27+N27+O27+V27+X27+AB27+AD27 -> 35 | F27: =Q27/(H27+P27+Q27+AC27) -> 0.15384615 | G27: 0 | H27: 55 | I27: 0 | J27: 0 | K27: 0 | L27: 0 | M27: 0 | N27: 0 | O27: 35 | P27: 0 | Q27: 10 | R27: 0 | S27: 0 | T27: 0 | U27: 0 | V27: 0 | W27: 0 | X27: 0 | Y27: 0 | Z27: 0 | AA27: 0 | AB27: 0 | AC27: 0 | AD27: 0 | AE27: 0 | AF27: 0 | AG27: 45 | AH27: NMR | AI27: Water quench | AN27: =SUM(G27:AF27) -> 100 | AO27: =(L27+M27+O27+X27)/100 -> 0.35 | AP27: =G27/100 -> 0 | AQ27: =H27/100 -> 0.55 | AR27: =Q27/100 -> 0.1 | AS27: =AG27/100 -> 0.45 | AU27: =AR27/(AQ27+AP27) -> 0.18181818 | AV27: =AO27/(AP27+AQ27) -> 0.63636364 | AW27: =0.5+AU27/16 -> 0.51136364 | AX27: =0.5+AU27/4 -> 0.54545455 | AY27: =IF(AV27<=AW27,AV27,IF(AV27<=AX27,AW27,AW27-(AV27-AX27)*(8+AU27)/(12*(2+AU27)))) -> 0.48295455 | AZ27: =IF(AY27<1,AY27,1) -> 0.48295455 | BA27: =ABS(AZ27-AS27) -> 0.032954545 | BC27: =(Q27)/($BM$3*H27+$BM$4*G27+$BM$5*P27+$BM$6*K27+$BM$7*S27+$BM$8*U27+$BM$9*Y27) -> 0.18181818 | BD27: =(O27+$BM$11*M27+$BM$12*L27+$BM$13*X27+$BM$14*AD27+$BM$15*I27+$BM$16*N27+$BM$17*AB27+$BM$18*V27+$BM$19*T27+$BM$20*AA27+$BM$21*Z27+$BM$22*AF27+$BM$23*W27)/($BM$3*$H27+$BM$4*$G27+$BM$5*$P27+$BM$6*$K27+$BM$7*$S27+$BM$8*$U27+$BM$9*$Y27) -> 0.63636364 | BE27: =$BM$25+BC27*$BM$26 -> 0.59326289 | BF27: =$BM$27+BC27*$BM$28 -> 0.18730278 | BG27: =IF(BD27<=BE27,BD27,IF(BD27<=BF27,BE27,BE27-(BD27-BF27)*(8+BC27)/(12*(2+BC27)))) -> 0.45293137 | BH27: =IF(BG27<1,IF(BG27>0,BG27,0),1) -> 0.45293137 | BI27: =(BH27-AS27)^2 -> 8.5929108e-06 | BJ27: =(AS27-AVERAGE($AS$2:$AS$647))^2 -> 0.001859942 | BL27: RD1 const | BM27: 0.095973821
A28: 352 | B28: 374 | C28: 2 | D28: 1 | E28: =I28+L28+M28+N28+O28+V28+X28+AB28+AD28 -> 55.555556 | F28: =Q28/(H28+P28+Q28+AC28) -> 0.5 | G28: 0 | H28: ='EWG-CCP-127 (1)'!M165 -> 22.222222 | I28: 0 | J28: 0 | K28: 0 | L28: 0 | M28: 0 | N28: 0 | O28: ='EWG-CCP-127 (1)'!L165 -> 55.555556 | P28: 0 | Q28: ='EWG-CCP-127 (1)'!K165 -> 22.222222 | R28: 0 | S28: 0 | T28: 0 | U28: 0 | V28: 0 | W28: 0 | X28: 0 | Y28: 0 | Z28: 0 | AA28: 0 | AB28: 0 | AC28: 0 | AD28: 0 | AE28: 0 | AF28: 0 | AG28: ='EWG-CCP-127 (1)'!E165 -> 13 | AH28: NMR | AI28: Air quench | AN28: =SUM(G28:AF28) -> 100 | AO28: =(L28+M28+O28+X28)/100 -> 0.55555556 | AP28: =G28/100 -> 0 | AQ28: =H28/100 -> 0.22222222 | AR28: =Q28/100 -> 0.22222222 | AS28: =AG28/100 -> 0.13 | AU28: =AR28/(AQ28+AP28) -> 1 | AV28: =AO28/(AP28+AQ28) -> 2.5 | AW28: =0.5+AU28/16 -> 0.5625 | AX28: =0.5+AU28/4 -> 0.75 | AY28: =IF(AV28<=AW28,AV28,IF(AV28<=AX28,AW28,AW28-(AV28-AX28)*(8+AU28)/(12*(2+AU28)))) -> 0.125 | AZ28: =IF(AY28<1,AY28,1) -> 0.125 | BA28: =ABS(AZ28-AS28) -> 0.005 | BC28: =(Q28)/($BM$3*H28+$BM$4*G28+$BM$5*P28+$BM$6*K28+$BM$7*S28+$BM$8*U28+$BM$9*Y28) -> 1 | BD28: =(O28+$BM$11*M28+$BM$12*L28+$BM$13*X28+$BM$14*AD28+$BM$15*I28+$BM$16*N28+$BM$17*AB28+$BM$18*V28+$BM$19*T28+$BM$20*AA28+$BM$21*Z28+$BM$22*AF28+$BM$23*W28)/($BM$3*$H28+$BM$4*$G28+$BM$5*$P28+$BM$6*$K28+$BM$7*$S28+$BM$8*$U28+$BM$9*$Y28) -> 2.5 | BE28: =$BM$25+BC28*$BM$26 -> 0.60873429 | BF28: =$BM$27+BC28*$BM$28 -> 0.59828308 | BG28: =IF(BD28<=BE28,BD28,IF(BD28<=BF28,BE28,BE28-(BD28-BF28)*(8+BC28)/(12*(2+BC28)))) -> 0.13330506 | BH28: =IF(BG28<1,IF(BG28>0,BG28,0),1) -> 0.13330506 | BI28: =(BH28-AS28)^2 -> 1.0923398e-05 | BJ28: =(AS28-AVERAGE($AS$2:$AS$647))^2 -> 0.076658633 | BL28: RD1 slope | BM28: 0.50230926
A29: 271 | B29: 161 | C29: ='EWG-CCP-127 (1)'!B86 -> 31 | D29: 1 | E29: =I29+L29+M29+N29+O29+V29+X29+AB29+AD29 -> 16.666667 | F29: =Q29/(H29+P29+Q29+AC29) -> 0.75 | G29: 0 | H29: ='EWG-CCP-127 (1)'!M86 -> 20.833333 | I29: 0 | J29: 0 | K29: 0 | L29: 0 | M29: 0 | N29: 0 | O29: ='EWG-CCP-127 (1)'!L86 -> 16.666667 | P29: 0 | Q29: ='EWG-CCP-127 (1)'!K86 -> 62.5 | R29: 0 | S29: 0 | T29: 0 | U29: 0 | V29: 0 | W29: 0 | X29: 0 | Y29: 0 | Z29: 0 | AA29: 0 | AB29: 0 | AC29: 0 | AD29: 0 | AE29: 0 | AF29: 0 | AG29: ='EWG-CCP-127 (1)'!E86 -> 65 | AH29: NMR | AI29: Air quench | AN29: =SUM(G29:AF29) -> 100 | AO29: =(L29+M29+O29+X29)/100 -> 0.16666667 | AP29: =G29/100 -> 0 | AQ29: =H29/100 -> 0.20833333 | AR29: =Q29/100 -> 0.625 | AS29: =AG29/100 -> 0.65 | AU29: =AR29/(AQ29+AP29) -> 3 | AV29: =AO29/(AP29+AQ29) -> 0.8 | AW29: =0.5+AU29/16 -> 0.6875 | AX29: =0.5+AU29/4 -> 1.25 | AY29: =IF(AV29<=AW29,AV29,IF(AV29<=AX29,AW29,AW29-(AV29-AX29)*(8+AU29)/(12*(2+AU29)))) -> 0.6875 | AZ29: =IF(AY29<1,AY29,1) -> 0.6875 | BA29: =ABS(AZ29-AS29) -> 0.0375 | BC29: =(Q29)/($BM$3*H29+$BM$4*G29+$BM$5*P29+$BM$6*K29+$BM$7*S29+$BM$8*U29+$BM$9*Y29) -> 3 | BD29: =(O29+$BM$11*M29+$BM$12*L29+$BM$13*X29+$BM$14*AD29+$BM$15*I29+$BM$16*N29+$BM$17*AB29+$BM$18*V29+$BM$19*T29+$BM$20*AA29+$BM$21*Z29+$BM$22*AF29+$BM$23*W29)/($BM$3*$H29+$BM$4*$G29+$BM$5*$P29+$BM$6*$K29+$BM$7*$S29+$BM$8*$U29+$BM$9*$Y29) -> 0.8 | BE29: =$BM$25+BC29*$BM$26 -> 0.64655327 | BF29: =$BM$27+BC29*$BM$28 -> 1.6029016 | BG29: =IF(BD29<=BE29,BD29,IF(BD29<=BF29,BE29,BE29-(BD29-BF29)*(8+BC29)/(12*(2+BC29)))) -> 0.64655327 | BH29: =IF(BG29<1,IF(BG29>0,BG29,0),1) -> 0.64655327 | BI29: =(BH29-AS29)^2 -> 1.1879966e-05 | BJ29: =(AS29-AVERAGE($AS$2:$AS$647))^2 -> 0.05911076 | BL29: Stats
A30: 433 | B30: 288 | D30: 1 | E30: =I30+L30+M30+N30+O30+V30+X30+AB30+AD30 -> 13.9 | F30: =Q30/(H30+P30+Q30+AC30) -> 0.78164925 | G30: ='EWG-CCP-127 (1)'!E220 -> 0 | H30: ='EWG-CCP-127 (1)'!F220 -> 18.8 | I30: 0 | J30: 0 | K30: 0 | L30: 0 | M30: 0 | N30: 0 | O30: ='EWG-CCP-127 (1)'!C220 -> 13.9 | P30: 0 | Q30: ='EWG-CCP-127 (1)'!D220 -> 67.3 | R30: 0 | S30: 0 | T30: 0 | U30: 0 | V30: 0 | W30: 0 | X30: 0 | Y30: 0 | Z30: 0 | AA30: 0 | AB30: 0 | AC30: 0 | AD30: 0 | AE30: 0 | AF30: 0 | AG30: ='EWG-CCP-127 (1)'!J220 -> 66.09908 | AH30: NMR | AI30: Air quench | AN30: =SUM(G30:AF30) -> 100 | AO30: =(L30+M30+O30+X30)/100 -> 0.139 | AP30: =G30/100 -> 0 | AQ30: =H30/100 -> 0.188 | AR30: =Q30/100 -> 0.673 | AS30: =AG30/100 -> 0.6609908 | AU30: =AR30/(AQ30+AP30) -> 3.5797872 | AV30: =AO30/(AP30+AQ30) -> 0.7393617 | AW30: =0.5+AU30/16 -> 0.7237367 | AX30: =0.5+AU30/4 -> 1.3949468 | AY30: =IF(AV30<=AW30,AV30,IF(AV30<=AX30,AW30,AW30-(AV30-AX30)*(8+AU30)/(12*(2+AU30)))) -> 0.7237367 | AZ30: =IF(AY30<1,AY30,1) -> 0.7237367 | BA30: =ABS(AZ30-AS30) -> 0.062745902 | BC30: =(Q30)/($BM$3*H30+$BM$4*G30+$BM$5*P30+$BM$6*K30+$BM$7*S30+$BM$8*U30+$BM$9*Y30) -> 3.5797872 | BD30: =(O30+$BM$11*M30+$BM$12*L30+$BM$13*X30+$BM$14*AD30+$BM$15*I30+$BM$16*N30+$BM$17*AB30+$BM$18*V30+$BM$19*T30+$BM$20*AA30+$BM$21*Z30+$BM$22*AF30+$BM$23*W30)/($BM$3*$H30+$BM$4*$G30+$BM$5*$P30+$BM$6*$K30+$BM$7*$S30+$BM$8*$U30+$BM$9*$Y30) -> 0.7393617 | BE30: =$BM$25+BC30*$BM$26 -> 0.65751675 | BF30: =$BM$27+BC30*$BM$28 -> 1.8941341 | BG30: =IF(BD30<=BE30,BD30,IF(BD30<=BF30,BE30,BE30-(BD30-BF30)*(8+BC30)/(12*(2+BC30)))) -> 0.65751675 | BH30: =IF(BG30<1,IF(BG30>0,BG30,0),1) -> 0.65751675 | BI30: =(BH30-AS30)^2 -> 1.2069034e-05 | BJ30: =(AS30-AVERAGE($AS$2:$AS$647))^2 -> 0.064575879 | BL30: SOS | BM30: =SUM(BI2:BI647) -> 5.0396634
A31: 359 | B31: 379 | C31: 9 | D31: 1 | E31: =I31+L31+M31+N31+O31+V31+X31+AB31+AD31 -> 57.142857 | F31: =Q31/(H31+P31+Q31+AC31) -> 0.66666667 | G31: 0 | H31: ='EWG-CCP-127 (1)'!M172 -> 14.285714 | I31: 0 | J31: 0 | K31: 0 | L31: 0 | M31: 0 | N31: 0 | O31: ='EWG-CCP-127 (1)'!L172 -> 57.142857 | P31: 0 | Q31: ='EWG-CCP-127 (1)'!K172 -> 28.571429 | R31: 0 | S31: 0 | T31: 0 | U31: 0 | V31: 0 | W31: 0 | X31: 0 | Y31: 0 | Z31: 0 | AA31: 0 | AB31: 0 | AC31: 0 | AD31: 0 | AE31: 0 | AF31: 0 | AG31: ='EWG-CCP-127 (1)'!E172 -> 2 | AH31: NMR | AI31: Air quench | AN31: =SUM(G31:AF31) -> 100 | AO31: =(L31+M31+O31+X31)/100 -> 0.57142857 | AP31: =G31/100 -> 0 | AQ31: =H31/100 -> 0.14285714 | AR31: =Q31/100 -> 0.28571429 | AS31: =AG31/100 -> 0.02 | AU31: =AR31/(AQ31+AP31) -> 2 | AV31: =AO31/(AP31+AQ31) -> 4 | AW31: =0.5+AU31/16 -> 0.625 | AX31: =0.5+AU31/4 -> 1 | AY31: =IF(AV31<=AW31,AV31,IF(AV31<=AX31,AW31,AW31-(AV31-AX31)*(8+AU31)/(12*(2+AU31)))) -> 0 | AZ31: =IF(AY31<1,AY31,1) -> 0 | BA31: =ABS(AZ31-AS31) -> 0.02 | BC31: =(Q31)/($BM$3*H31+$BM$4*G31+$BM$5*P31+$BM$6*K31+$BM$7*S31+$BM$8*U31+$BM$9*Y31) -> 2 | BD31: =(O31+$BM$11*M31+$BM$12*L31+$BM$13*X31+$BM$14*AD31+$BM$15*I31+$BM$16*N31+$BM$17*AB31+$BM$18*V31+$BM$19*T31+$BM$20*AA31+$BM$21*Z31+$BM$22*AF31+$BM$23*W31)/($BM$3*$H31+$BM$4*$G31+$BM$5*$P31+$BM$6*$K31+$BM$7*$S31+$BM$8*$U31+$BM$9*$Y31) -> 4 | BE31: =$BM$25+BC31*$BM$26 -> 0.62764378 | BF31: =$BM$27+BC31*$BM$28 -> 1.1005923 | BG31: =IF(BD31<=BE31,BD31,IF(BD31<=BF31,BE31,BE31-(BD31-BF31)*(8+BC31)/(12*(2+BC31)))) -> 0.023600514 | BH31: =IF(BG31<1,IF(BG31>0,BG31,0),1) -> 0.023600514 | BI31: =(BH31-AS31)^2 -> 1.2963702e-05 | BJ31: =(AS31-AVERAGE($AS$2:$AS$647))^2 -> 0.14967068 | BL31: SOV | BM31: =SUM(BJ2:BJ647) -> 27.383084
A32: 79 | B32: 425 | C32: AB-10 | D32: 1 | E32: =I32+L32+M32+N32+O32+V32+X32+AB32+AD32 -> 20.15 | F32: =Q32/(H32+P32+Q32+AC32) -> 0 | G32: 10.48 | H32: 69.37 | I32: 0 | J32: 0 | K32: 0 | L32: 0 | M32: 0 | N32: 0 | O32: 20.15 | P32: 0 | Q32: 0 | R32: 0 | S32: 0 | T32: 0 | U32: 0 | V32: 0 | W32: 0 | X32: 0 | Y32: 0 | Z32: 0 | AA32: 0 | AB32: 0 | AC32: 0 | AD32: 0 | AE32: 0 | AF32: 0 | AG32: 18.5 | AH32: NMR | AI32: Air quench | AN32: =SUM(G32:AF32) -> 100 | AO32: =(L32+M32+O32+X32)/100 -> 0.2015 | AP32: =G32/100 -> 0.1048 | AQ32: =H32/100 -> 0.6937 | AR32: =Q32/100 -> 0 | AS32: =AG32/100 -> 0.185 | AU32: =AR32/(AQ32+AP32) -> 0 | AV32: =AO32/(AP32+AQ32) -> 0.25234815 | AW32: =0.5+AU32/16 -> 0.5 | AX32: =0.5+AU32/4 -> 0.5 | AY32: =IF(AV32<=AW32,AV32,IF(AV32<=AX32,AW32,AW32-(AV32-AX32)*(8+AU32)/(12*(2+AU32)))) -> 0.25234815 | AZ32: =IF(AY32<1,AY32,1) -> 0.25234815 | BA32: =ABS(AZ32-AS32) -> 0.067348153 | BC32: =(Q32)/($BM$3*H32+$BM$4*G32+$BM$5*P32+$BM$6*K32+$BM$7*S32+$BM$8*U32+$BM$9*Y32) -> 0 | BD32: =(O32+$BM$11*M32+$BM$12*L32+$BM$13*X32+$BM$14*AD32+$BM$15*I32+$BM$16*N32+$BM$17*AB32+$BM$18*V32+$BM$19*T32+$BM$20*AA32+$BM$21*Z32+$BM$22*AF32+$BM$23*W32)/($BM$3*$H32+$BM$4*$G32+$BM$5*$P32+$BM$6*$K32+$BM$7*$S32+$BM$8*$U32+$BM$9*$Y32) -> 0.1810585 | BE32: =$BM$25+BC32*$BM$26 -> 0.5898248 | BF32: =$BM$27+BC32*$BM$28 -> 0.095973821 | BG32: =IF(BD32<=BE32,BD32,IF(BD32<=BF32,BE32,BE32-(BD32-BF32)*(8+BC32)/(12*(2+BC32)))) -> 0.1810585 | BH32: =IF(BG32<1,IF(BG32>0,BG32,0),1) -> 0.1810585 | BI32: =(BH32-AS32)^2 -> 1.5535455e-05 | BJ32: =(AS32-AVERAGE($AS$2:$AS$647))^2 -> 0.049227608 | BL32: R2 | BM32: =1-BM30/BM31 -> 0.81595706
A33: 62 | B33: 419 | C33: Mg-I | D33: 1 | E33: =I33+L33+M33+N33+O33+V33+X33+AB33+AD33 -> 25 | F33: =Q33/(H33+P33+Q33+AC33) -> 0 | G33: 30 | H33: 45 | I33: 0 | J33: 0 | K33: 0 | L33: 0 | M33: 0 | N33: 25 | O33: 0 | P33: 0 | Q33: 0 | R33: 0 | S33: 0 | T33: 0 | U33: 0 | V33: 0 | W33: 0 | X33: 0 | Y33: 0 | Z33: 0 | AA33: 0 | AB33: 0 | AC33: 0 | AD33: 0 | AE33: 0 | AF33: 0 | AG33: 8 | AH33: NMR | AI33: Water quench | AN33: =SUM(G33:AF33) -> 100 | AO33: =(L33+M33+O33+X33)/100 -> 0 | AP33: =G33/100 -> 0.3 | AQ33: =H33/100 -> 0.45 | AR33: =Q33/100 -> 0 | AS33: =AG33/100 -> 0.08 | AU33: =AR33/(AQ33+AP33) -> 0 | AV33: =AO33/(AP33+AQ33) -> 0 | AW33: =0.5+AU33/16 -> 0.5 | AX33: =0.5+AU33/4 -> 0.5 | AY33: =IF(AV33<=AW33,AV33,IF(AV33<=AX33,AW33,AW33-(AV33-AX33)*(8+AU33)/(12*(2+AU33)))) -> 0 | AZ33: =IF(AY33<1,AY33,1) -> 0 | BA33: =ABS(AZ33-AS33) -> 0.08 | BC33: =(Q33)/($BM$3*H33+$BM$4*G33+$BM$5*P33+$BM$6*K33+$BM$7*S33+$BM$8*U33+$BM$9*Y33) -> 0 | BD33: =(O33+$BM$11*M33+$BM$12*L33+$BM$13*X33+$BM$14*AD33+$BM$15*I33+$BM$16*N33+$BM$17*AB33+$BM$18*V33+$BM$19*T33+$BM$20*AA33+$BM$21*Z33+$BM$22*AF33+$BM$23*W33)/($BM$3*$H33+$BM$4*$G33+$BM$5*$P33+$BM$6*$K33+$BM$7*$S33+$BM$8*$U33+$BM$9*$Y33) -> 0.075757576 | BE33: =$BM$25+BC33*$BM$26 -> 0.5898248 | BF33: =$BM$27+BC33*$BM$28 -> 0.095973821 | BG33: =IF(BD33<=BE33,BD33,IF(BD33<=BF33,BE33,BE33-(BD33-BF33)*(8+BC33)/(12*(2+BC33)))) -> 0.075757576 | BH33: =IF(BG33<1,IF(BG33>0,BG33,0),1) -> 0.075757576 | BI33: =(BH33-AS33)^2 -> 1.7998163e-05 | BJ33: =(AS33-AVERAGE($AS$2:$AS$647))^2 -> 0.10684593
A34: 249 | B34: 508 | C34: ='EWG-CCP-127 (1)'!B64 -> 9 | D34: 1 | E34: =I34+L34+M34+N34+O34+V34+X34+AB34+AD34 -> 40 | F34: =Q34/(H34+P34+Q34+AC34) -> 0.33333333 | G34: 0 | H34: ='EWG-CCP-127 (1)'!M64 -> 40 | I34: 0 | J34: 0 | K34: 0 | L34: 0 | M34: 0 | N34: 0 | O34: ='EWG-CCP-127 (1)'!L64 -> 40 | P34: 0 | Q34: ='EWG-CCP-127 (1)'!K64 -> 20 | R34: 0 | S34: 0 | T34: 0 | U34: 0 | V34: 0 | W34: 0 | X34: 0 | Y34: 0 | Z34: 0 | AA34: 0 | AB34: 0 | AC34: 0 | AD34: 0 | AE34: 0 | AF34: 0 | AG34: ='EWG-CCP-127 (1)'!E64 -> 41 | AH34: NMR | AI34: Air quench | AN34: =SUM(G34:AF34) -> 100 | AO34: =(L34+M34+O34+X34)/100 -> 0.4 | AP34: =G34/100 -> 0 | AQ34: =H34/100 -> 0.4 | AR34: =Q34/100 -> 0.2 | AS34: =AG34/100 -> 0.41 | AU34: =AR34/(AQ34+AP34) -> 0.5 | AV34: =AO34/(AP34+AQ34) -> 1 | AW34: =0.5+AU34/16 -> 0.53125 | AX34: =0.5+AU34/4 -> 0.625 | AY34: =IF(AV34<=AW34,AV34,IF(AV34<=AX34,AW34,AW34-(AV34-AX34)*(8+AU34)/(12*(2+AU34)))) -> 0.425 | AZ34: =IF(AY34<1,AY34,1) -> 0.425 | BA34: =ABS(AZ34-AS34) -> 0.015 | BC34: =(Q34)/($BM$3*H34+$BM$4*G34+$BM$5*P34+$BM$6*K34+$BM$7*S34+$BM$8*U34+$BM$9*Y34) -> 0.5 | BD34: =(O34+$BM$11*M34+$BM$12*L34+$BM$13*X34+$BM$14*AD34+$BM$15*I34+$BM$16*N34+$BM$17*AB34+$BM$18*V34+$BM$19*T34+$BM$20*AA34+$BM$21*Z34+$BM$22*AF34+$BM$23*W34)/($BM$3*$H34+$BM$4*$G34+$BM$5*$P34+$BM$6*$K34+$BM$7*$S34+$BM$8*$U34+$BM$9*$Y34) -> 1 | BE34: =$BM$25+BC34*$BM$26 -> 0.59927954 | BF34: =$BM$27+BC34*$BM$28 -> 0.34712845 | BG34: =IF(BD34<=BE34,BD34,IF(BD34<=BF34,BE34,BE34-(BD34-BF34)*(8+BC34)/(12*(2+BC34)))) -> 0.41429927 | BH34: =IF(BG34<1,IF(BG34>0,BG34,0),1) -> 0.41429927 | BI34: =(BH34-AS34)^2 -> 1.8483713e-05 | BJ34: =(AS34-AVERAGE($AS$2:$AS$647))^2 -> 9.778408e-06
A35: 16 | B35: 410 | C35: BN0.11 | D35: 1 | E35: =I35+L35+M35+N35+O35+V35+X35+AB35+AD35 -> 10 | F35: =Q35/(H35+P35+Q35+AC35) -> 0 | G35: 0 | H35: 90 | I35: 0 | J35: 0 | K35: 0 | L35: 0 | M35: 0 | N35: 0 | O35: 10 | P35: 0 | Q35: 0 | R35: 0 | S35: 0 | T35: 0 | U35: 0 | V35: 0 | W35: 0 | X35: 0 | Y35: 0 | Z35: 0 | AA35: 0 | AB35: 0 | AC35: 0 | AD35: 0 | AE35: 0 | AF35: 0 | AG35: 11.6 | AH35: NMR | AI35: Water quench | AK35: Powder | AL35: Atm. | AN35: =SUM(G35:AF35) -> 100 | AO35: =(L35+M35+O35+X35)/100 -> 0.1 | AP35: =G35/100 -> 0 | AQ35: =H35/100 -> 0.9 | AR35: =Q35/100 -> 0 | AS35: =AG35/100 -> 0.116 | AU35: =AR35/(AQ35+AP35) -> 0 | AV35: =AO35/(AP35+AQ35) -> 0.11111111 | AW35: =0.5+AU35/16 -> 0.5 | AX35: =0.5+AU35/4 -> 0.5 | AY35: =IF(AV35<=AW35,AV35,IF(AV35<=AX35,AW35,AW35-(AV35-AX35)*(8+AU35)/(12*(2+AU35)))) -> 0.11111111 | AZ35: =IF(AY35<1,AY35,1) -> 0.11111111 | BA35: =ABS(AZ35-AS35) -> 0.0048888889 | BC35: =(Q35)/($BM$3*H35+$BM$4*G35+$BM$5*P35+$BM$6*K35+$BM$7*S35+$BM$8*U35+$BM$9*Y35) -> 0 | BD35: =(O35+$BM$11*M35+$BM$12*L35+$BM$13*X35+$BM$14*AD35+$BM$15*I35+$BM$16*N35+$BM$17*AB35+$BM$18*V35+$BM$19*T35+$BM$20*AA35+$BM$21*Z35+$BM$22*AF35+$BM$23*W35)/($BM$3*$H35+$BM$4*$G35+$BM$5*$P35+$BM$6*$K35+$BM$7*$S35+$BM$8*$U35+$BM$9*$Y35) -> 0.11111111 | BE35: =$BM$25+BC35*$BM$26 -> 0.5898248 | BF35: =$BM$27+BC35*$BM$28 -> 0.095973821 | BG35: =IF(BD35<=BE35,BD35,IF(BD35<=BF35,BE35,BE35-(BD35-BF35)*(8+BC35)/(12*(2+BC35)))) -> 0.11111111 | BH35: =IF(BG35<1,IF(BG35>0,BG35,0),1) -> 0.11111111 | BI35: =(BH35-AS35)^2 -> 2.3901235e-05 | BJ35: =(AS35-AVERAGE($AS$2:$AS$647))^2 -> 0.084607076
A36: 113 | B36: 439 | C36: NB25 | D36: 1 | E36: =I36+L36+M36+N36+O36+V36+X36+AB36+AD36 -> 25.7 | F36: =Q36/(H36+P36+Q36+AC36) -> 0 | G36: 0 | H36: 74.3 | I36: 0 | J36: 0 | K36: 0 | L36: 0 | M36: 0 | N36: 0 | O36: 25.7 | P36: 0 | Q36: 0 | R36: 0 | S36: 0 | T36: 0 | U36: 0 | V36: 0 | W36: 0 | X36: 0 | Y36: 0 | Z36: 0 | AA36: 0 | AB36: 0 | AC36: 0 | AD36: 0 | AE36: 0 | AF36: 0 | AG36: 35.1 | AH36: NMR | AI36: Water quench | AL36: Atm. | AN36: =SUM(G36:AF36) -> 100 | AO36: =(L36+M36+O36+X36)/100 -> 0.257 | AP36: =G36/100 -> 0 | AQ36: =H36/100 -> 0.743 | AR36: =Q36/100 -> 0 | AS36: =AG36/100 -> 0.351 | AU36: =AR36/(AQ36+AP36) -> 0 | AV36: =AO36/(AP36+AQ36) -> 0.34589502 | AW36: =0.5+AU36/16 -> 0.5 | AX36: =0.5+AU36/4 -> 0.5 | AY36: =IF(AV36<=AW36,AV36,IF(AV36<=AX36,AW36,AW36-(AV36-AX36)*(8+AU36)/(12*(2+AU36)))) -> 0.34589502 | AZ36: =IF(AY36<1,AY36,1) -> 0.34589502 | BA36: =ABS(AZ36-AS36) -> 0.0051049798 | BC36: =(Q36)/($BM$3*H36+$BM$4*G36+$BM$5*P36+$BM$6*K36+$BM$7*S36+$BM$8*U36+$BM$9*Y36) -> 0 | BD36: =(O36+$BM$11*M36+$BM$12*L36+$BM$13*X36+$BM$14*AD36+$BM$15*I36+$BM$16*N36+$BM$17*AB36+$BM$18*V36+$BM$19*T36+$BM$20*AA36+$BM$21*Z36+$BM$22*AF36+$BM$23*W36)/($BM$3*$H36+$BM$4*$G36+$BM$5*$P36+$BM$6*$K36+$BM$7*$S36+$BM$8*$U36+$BM$9*$Y36) -> 0.34589502 | BE36: =$BM$25+BC36*$BM$26 -> 0.5898248 | BF36: =$BM$27+BC36*$BM$28 -> 0.095973821 | BG36: =IF(BD36<=BE36,BD36,IF(BD36<=BF36,BE36,BE36-(BD36-BF36)*(8+BC36)/(12*(2+BC36)))) -> 0.34589502 | BH36: =IF(BG36<1,IF(BG36>0,BG36,0),1) -> 0.34589502 | BI36: =(BH36-AS36)^2 -> 2.6060819e-05 | BJ36: =(AS36-AVERAGE($AS$2:$AS$647))^2 -> 0.0031217871
A37: 526 | B37: 580 | C37: ='EWG-CCP-127 (1)'!B309 -> Cs-R0.8 | D37: 1 | E37: =I37+L37+M37+N37+O37+V37+X37+AB37+AD37 -> 44.444444 | F37: =Q37/(H37+P37+Q37+AC37) -> 0 | G37: 0 | H37: ='EWG-CCP-127 (1)'!J309 -> 55.555556 | I37: 0 | J37: 0 | K37: 0 | L37: ='EWG-CCP-127 (1)'!M309 -> 0 | M37: 0 | N37: 0 | O37: ='EWG-CCP-127 (1)'!L309 -> 0 | P37: 0 | Q37: 0 | R37: 0 | S37: 0 | T37: 0 | U37: 0 | V37: 0 | W37: 0 | X37: ='EWG-CCP-127 (1)'!O309 -> 44.444444 | Y37: 0 | Z37: 0 | AA37: 0 | AB37: 0 | AC37: 0 | AD37: ='EWG-CCP-127 (1)'!N309 -> 0 | AE37: 0 | AF37: 0 | AG37: ='EWG-CCP-127 (1)'!I309 -> 35 | AH37: NMR | AI37: Water or liguid nitrogen quench | AN37: =SUM(G37:AF37) -> 100 | AO37: =(L37+M37+O37+X37)/100 -> 0.44444444 | AP37: =G37/100 -> 0 | AQ37: =H37/100 -> 0.55555556 | AR37: =Q37/100 -> 0 | AS37: =AG37/100 -> 0.35 | AU37: =AR37/(AQ37+AP37) -> 0 | AV37: =AO37/(AP37+AQ37) -> 0.8 | AW37: =0.5+AU37/16 -> 0.5 | AX37: =0.5+AU37/4 -> 0.5 | AY37: =IF(AV37<=AW37,AV37,IF(AV37<=AX37,AW37,AW37-(AV37-AX37)*(8+AU37)/(12*(2+AU37)))) -> 0.4 | AZ37: =IF(AY37<1,AY37,1) -> 0.4 | BA37: =ABS(AZ37-AS37) -> 0.05 | BC37: =(Q37)/($BM$3*H37+$BM$4*G37+$BM$5*P37+$BM$6*K37+$BM$7*S37+$BM$8*U37+$BM$9*Y37) -> 0 | BD37: =(O37+$BM$11*M37+$BM$12*L37+$BM$13*X37+$BM$14*AD37+$BM$15*I37+$BM$16*N37+$BM$17*AB37+$BM$18*V37+$BM$19*T37+$BM$20*AA37+$BM$21*Z37+$BM$22*AF37+$BM$23*W37)/($BM$3*$H37+$BM$4*$G37+$BM$5*$P37+$BM$6*$K37+$BM$7*$S37+$BM$8*$U37+$BM$9*$Y37) -> 0.8 | BE37: =$BM$25+BC37*$BM$26 -> 0.5898248 | BF37: =$BM$27+BC37*$BM$28 -> 0.095973821 | BG37: =IF(BD37<=BE37,BD37,IF(BD37<=BF37,BE37,BE37-(BD37-BF37)*(8+BC37)/(12*(2+BC37)))) -> 0.3551494 | BH37: =IF(BG37<1,IF(BG37>0,BG37,0),1) -> 0.3551494 | BI37: =(BH37-AS37)^2 -> 2.6516352e-05 | BJ37: =(AS37-AVERAGE($AS$2:$AS$647))^2 -> 0.0032345331
A38: 613 | B38: 623 | D38: 1 | E38: =I38+L38+M38+N38+O38+V38+X38+AB38+AD38 -> 14.310197 | F38: =Q38/(H38+P38+Q38+AC38) -> 0 | G38: 0 | H38: ='EWG-CCP-127 (1)'!G335 -> 85.689803 | I38: 0 | J38: 0 | K38: 0 | L38: 0 | M38: ='EWG-CCP-127 (1)'!H335 -> 14.310197 | N38: 0 | O38: 0 | P38: 0 | Q38: 0 | R38: 0 | S38: 0 | T38: 0 | U38: 0 | V38: 0 | W38: 0 | X38: 0 | Y38: 0 | Z38: 0 | AA38: 0 | AB38: 0 | AC38: 0 | AD38: 0 | AE38: 0 | AF38: 0 | AG38: ='EWG-CCP-127 (1)'!L335 -> 16.165 | AH38: NMR | AI38: Air quench | AL38: Atm | AN38: =SUM(G38:AF38) -> 100 | AO38: =(L38+M38+O38+X38)/100 -> 0.14310197 | AP38: =G38/100 -> 0 | AQ38: =H38/100 -> 0.85689803 | AR38: =Q38/100 -> 0 | AS38: =AG38/100 -> 0.16165 | AU38: =AR38/(AQ38+AP38) -> 0 | AV38: =AO38/(AP38+AQ38) -> 0.167 | AW38: =0.5+AU38/16 -> 0.5 | AX38: =0.5+AU38/4 -> 0.5 | AY38: =IF(AV38<=AW38,AV38,IF(AV38<=AX38,AW38,AW38-(AV38-AX38)*(8+AU38)/(12*(2+AU38)))) -> 0.167 | AZ38: =IF(AY38<1,AY38,1) -> 0.167 | BA38: =ABS(AZ38-AS38) -> 0.00535 | BC38: =(Q38)/($BM$3*H38+$BM$4*G38+$BM$5*P38+$BM$6*K38+$BM$7*S38+$BM$8*U38+$BM$9*Y38) -> 0 | BD38: =(O38+$BM$11*M38+$BM$12*L38+$BM$13*X38+$BM$14*AD38+$BM$15*I38+$BM$16*N38+$BM$17*AB38+$BM$18*V38+$BM$19*T38+$BM$20*AA38+$BM$21*Z38+$BM$22*AF38+$BM$23*W38)/($BM$3*$H38+$BM$4*$G38+$BM$5*$P38+$BM$6*$K38+$BM$7*$S38+$BM$8*$U38+$BM$9*$Y38) -> 0.167 | BE38: =$BM$25+BC38*$BM$26 -> 0.5898248 | BF38: =$BM$27+BC38*$BM$28 -> 0.095973821 | BG38: =IF(BD38<=BE38,BD38,IF(BD38<=BF38,BE38,BE38-(BD38-BF38)*(8+BC38)/(12*(2+BC38)))) -> 0.167 | BH38: =IF(BG38<1,IF(BG38>0,BG38,0),1) -> 0.167 | BI38: =(BH38-AS38)^2 -> 2.86225e-05 | BJ38: =(AS38-AVERAGE($AS$2:$AS$647))^2 -> 0.060134298
A39: 10 | B39: 7 | C39: S464.0(7) | D39: 1 | E39: =I39+L39+M39+N39+O39+V39+X39+AB39+AD39 -> 47.4 | F39: =Q39/(H39+P39+Q39+AC39) -> 0.7851711 | G39: 0 | H39: 7.3 | I39: 23.3 | J39: 0 | K39: 0 | L39: 0 | M39: 0 | N39: 0 | O39: 24.1 | P39: 4 | Q39: 41.3 | R39: 0 | S39: 0 | T39: 0 | U39: 0 | V39: 0 | W39: 0 | X39: 0 | Y39: 0 | Z39: 0 | AA39: 0 | AB39: 0 | AC39: 0 | AD39: 0 | AE39: 0 | AF39: 0 | AG39: 41.1 | AH39: NMR | AI39: Water quench | AN39: =SUM(G39:AF39) -> 100 | AO39: =(L39+M39+O39+X39)/100 -> 0.241 | AP39: =G39/100 -> 0 | AQ39: =H39/100 -> 0.073 | AR39: =Q39/100 -> 0.413 | AS39: =AG39/100 -> 0.411 | AU39: =AR39/(AQ39+AP39) -> 5.6575342 | AV39: =AO39/(AP39+AQ39) -> 3.3013699 | AW39: =0.5+AU39/16 -> 0.85359589 | AX39: =0.5+AU39/4 -> 1.9143836 | AY39: =IF(AV39<=AW39,AV39,IF(AV39<=AX39,AW39,AW39-(AV39-AX39)*(8+AU39)/(12*(2+AU39)))) -> 0.64745019 | AZ39: =IF(AY39<1,AY39,1) -> 0.64745019 | BA39: =ABS(AZ39-AS39) -> 0.23645019 | BC39: =(Q39)/($BM$3*H39+$BM$4*G39+$BM$5*P39+$BM$6*K39+$BM$7*S39+$BM$8*U39+$BM$9*Y39) -> 5.6575342 | BD39: =(O39+$BM$11*M39+$BM$12*L39+$BM$13*X39+$BM$14*AD39+$BM$15*I39+$BM$16*N39+$BM$17*AB39+$BM$18*V39+$BM$19*T39+$BM$20*AA39+$BM$21*Z39+$BM$22*AF39+$BM$23*W39)/($BM$3*$H39+$BM$4*$G39+$BM$5*$P39+$BM$6*$K39+$BM$7*$S39+$BM$8*$U39+$BM$9*$Y39) -> 4.8972603 | BE39: =$BM$25+BC39*$BM$26 -> 0.69680589 | BF39: =$BM$27+BC39*$BM$28 -> 2.9378057 | BG39: =IF(BD39<=BE39,BD39,IF(BD39<=BF39,BE39,BE39-(BD39-BF39)*(8+BC39)/(12*(2+BC39)))) -> 0.40557508 | BH39: =IF(BG39<1,IF(BG39>0,BG39,0),1) -> 0.40557508 | BI39: =(BH39-AS39)^2 -> 2.9429773e-05 | BJ39: =(AS39-AVERAGE($AS$2:$AS$647))^2 -> 1.7032497e-05
A40: 326 | B40: 213 | D40: 1 | E40: =I40+L40+M40+N40+O40+V40+X40+AB40+AD40 -> 18.738827 | F40: =Q40/(H40+P40+Q40+AC40) -> 0.8 | G40: 0 | H40: ='EWG-CCP-127 (1)'!M144 -> 16.252235 | I40: 0 | J40: 0 | K40: 0 | L40: 0 | M40: 0 | N40: 0 | O40: ='EWG-CCP-127 (1)'!L144 -> 18.738827 | P40: 0 | Q40: ='EWG-CCP-127 (1)'!K144 -> 65.008939 | R40: 0 | S40: 0 | T40: 0 | U40: 0 | V40: 0 | W40: 0 | X40: 0 | Y40: 0 | Z40: 0 | AA40: 0 | AB40: 0 | AC40: 0 | AD40: 0 | AE40: 0 | AF40: 0 | AG40: ='EWG-CCP-127 (1)'!E144 -> 66 | AH40: NMR | AI40: Water quench | AN40: =SUM(G40:AF40) -> 100 | AO40: =(L40+M40+O40+X40)/100 -> 0.18738827 | AP40: =G40/100 -> 0 | AQ40: =H40/100 -> 0.16252235 | AR40: =Q40/100 -> 0.65008939 | AS40: =AG40/100 -> 0.66 | AU40: =AR40/(AQ40+AP40) -> 4 | AV40: =AO40/(AP40+AQ40) -> 1.153 | AW40: =0.5+AU40/16 -> 0.75 | AX40: =0.5+AU40/4 -> 1.5 | AY40: =IF(AV40<=AW40,AV40,IF(AV40<=AX40,AW40,AW40-(AV40-AX40)*(8+AU40)/(12*(2+AU40)))) -> 0.75 | AZ40: =IF(AY40<1,AY40,1) -> 0.75 | BA40: =ABS(AZ40-AS40) -> 0.09 | BC40: =(Q40)/($BM$3*H40+$BM$4*G40+$BM$5*P40+$BM$6*K40+$BM$7*S40+$BM$8*U40+$BM$9*Y40) -> 4 | BD40: =(O40+$BM$11*M40+$BM$12*L40+$BM$13*X40+$BM$14*AD40+$BM$15*I40+$BM$16*N40+$BM$17*AB40+$BM$18*V40+$BM$19*T40+$BM$20*AA40+$BM$21*Z40+$BM$22*AF40+$BM$23*W40)/($BM$3*$H40+$BM$4*$G40+$BM$5*$P40+$BM$6*$K40+$BM$7*$S40+$BM$8*$U40+$BM$9*$Y40) -> 1.153 | BE40: =$BM$25+BC40*$BM$26 -> 0.66546276 | BF40: =$BM$27+BC40*$BM$28 -> 2.1052109 | BG40: =IF(BD40<=BE40,BD40,IF(BD40<=BF40,BE40,BE40-(BD40-BF40)*(8+BC40)/(12*(2+BC40)))) -> 0.66546276 | BH40: =IF(BG40<1,IF(BG40>0,BG40,0),1) -> 0.66546276 | BI40: =(BH40-AS40)^2 -> 2.9841721e-05 | BJ40: =(AS40-AVERAGE($AS$2:$AS$647))^2 -> 0.064073301
A41: 371 | B41: 243 | C41: 21 | D41: 1 | E41: =I41+L41+M41+N41+O41+V41+X41+AB41+AD41 -> 28.571429 | F41: =Q41/(H41+P41+Q41+AC41) -> 0.8 | G41: 0 | H41: ='EWG-CCP-127 (1)'!M184 -> 14.285714 | I41: 0 | J41: 0 | K41: 0 | L41: 0 | M41: 0 | N41: 0 | O41: ='EWG-CCP-127 (1)'!L184 -> 28.571429 | P41: 0 | Q41: ='EWG-CCP-127 (1)'!K184 -> 57.142857 | R41: 0 | S41: 0 | T41: 0 | U41: 0 | V41: 0 | W41: 0 | X41: 0 | Y41: 0 | Z41: 0 | AA41: 0 | AB41: 0 | AC41: 0 | AD41: 0 | AE41: 0 | AF41: 0 | AG41: ='EWG-CCP-127 (1)'!E184 -> 66 | AH41: NMR | AI41: Air quench | AN41: =SUM(G41:AF41) -> 100 | AO41: =(L41+M41+O41+X41)/100 -> 0.28571429 | AP41: =G41/100 -> 0 | AQ41: =H41/100 -> 0.14285714 | AR41: =Q41/100 -> 0.57142857 | AS41: =AG41/100 -> 0.66 | AU41: =AR41/(AQ41+AP41) -> 4 | AV41: =AO41/(AP41+AQ41) -> 2 | AW41: =0.5+AU41/16 -> 0.75 | AX41: =0.5+AU41/4 -> 1.5 | AY41: =IF(AV41<=AW41,AV41,IF(AV41<=AX41,AW41,AW41-(AV41-AX41)*(8+AU41)/(12*(2+AU41)))) -> 0.66666667 | AZ41: =IF(AY41<1,AY41,1) -> 0.66666667 | BA41: =ABS(AZ41-AS41) -> 0.0066666667 | BC41: =(Q41)/($BM$3*H41+$BM$4*G41+$BM$5*P41+$BM$6*K41+$BM$7*S41+$BM$8*U41+$BM$9*Y41) -> 4 | BD41: =(O41+$BM$11*M41+$BM$12*L41+$BM$13*X41+$BM$14*AD41+$BM$15*I41+$BM$16*N41+$BM$17*AB41+$BM$18*V41+$BM$19*T41+$BM$20*AA41+$BM$21*Z41+$BM$22*AF41+$BM$23*W41)/($BM$3*$H41+$BM$4*$G41+$BM$5*$P41+$BM$6*$K41+$BM$7*$S41+$BM$8*$U41+$BM$9*$Y41) -> 2 | BE41: =$BM$25+BC41*$BM$26 -> 0.66546276 | BF41: =$BM$27+BC41*$BM$28 -> 2.1052109 | BG41: =IF(BD41<=BE41,BD41,IF(BD41<=BF41,BE41,BE41-(BD41-BF41)*(8+BC41)/(12*(2+BC41)))) -> 0.66546276 | BH41: =IF(BG41<1,IF(BG41>0,BG41,0),1) -> 0.66546276 | BI41: =(BH41-AS41)^2 -> 2.9841721e-05 | BJ41: =(AS41-AVERAGE($AS$2:$AS$647))^2 -> 0.064073301
A42: 114 | B42: 440 | C42: NB30 | D42: 1 | E42: =I42+L42+M42+N42+O42+V42+X42+AB42+AD42 -> 29.1 | F42: =Q42/(H42+P42+Q42+AC42) -> 0 | G42: 0 | H42: 70.9 | I42: 0 | J42: 0 | K42: 0 | L42: 0 | M42: 0 | N42: 0 | O42: 29.1 | P42: 0 | Q42: 0 | R42: 0 | S42: 0 | T42: 0 | U42: 0 | V42: 0 | W42: 0 | X42: 0 | Y42: 0 | Z42: 0 | AA42: 0 | AB42: 0 | AC42: 0 | AD42: 0 | AE42: 0 | AF42: 0 | AG42: 41.6 | AH42: NMR | AI42: Water quench | AN42: =SUM(G42:AF42) -> 100 | AO42: =(L42+M42+O42+X42)/100 -> 0.291 | AP42: =G42/100 -> 0 | AQ42: =H42/100 -> 0.709 | AR42: =Q42/100 -> 0 | AS42: =AG42/100 -> 0.416 | AU42: =AR42/(AQ42+AP42) -> 0 | AV42: =AO42/(AP42+AQ42) -> 0.41043724 | AW42: =0.5+AU42/16 -> 0.5 | AX42: =0.5+AU42/4 -> 0.5 | AY42: =IF(AV42<=AW42,AV42,IF(AV42<=AX42,AW42,AW42-(AV42-AX42)*(8+AU42)/(12*(2+AU42)))) -> 0.41043724 | AZ42: =IF(AY42<1,AY42,1) -> 0.41043724 | BA42: =ABS(AZ42-AS42) -> 0.0055627645 | BC42: =(Q42)/($BM$3*H42+$BM$4*G42+$BM$5*P42+$BM$6*K42+$BM$7*S42+$BM$8*U42+$BM$9*Y42) -> 0 | BD42: =(O42+$BM$11*M42+$BM$12*L42+$BM$13*X42+$BM$14*AD42+$BM$15*I42+$BM$16*N42+$BM$17*AB42+$BM$18*V42+$BM$19*T42+$BM$20*AA42+$BM$21*Z42+$BM$22*AF42+$BM$23*W42)/($BM$3*$H42+$BM$4*$G42+$BM$5*$P42+$BM$6*$K42+$BM$7*$S42+$BM$8*$U42+$BM$9*$Y42) -> 0.41043724 | BE42: =$BM$25+BC42*$BM$26 -> 0.5898248 | BF42: =$BM$27+BC42*$BM$28 -> 0.095973821 | BG42: =IF(BD42<=BE42,BD42,IF(BD42<=BF42,BE42,BE42-(BD42-BF42)*(8+BC42)/(12*(2+BC42)))) -> 0.41043724 | BH42: =IF(BG42<1,IF(BG42>0,BG42,0),1) -> 0.41043724 | BI42: =(BH42-AS42)^2 -> 3.0944348e-05 | BJ42: =(AS42-AVERAGE($AS$2:$AS$647))^2 -> 8.3302943e-05
A43: 648 | B43: 658 | D43: 1 | E43: =I43+L43+M43+N43+O43+V43+X43+AB43+AD43 -> 12.23922 | F43: =Q43/(H43+P43+Q43+AC43) -> 0 | G43: 0 | H43: ='EWG-CCP-127 (1)'!C374 -> 87.76078 | I43: 0 | J43: 0 | K43: 0 | L43: ='EWG-CCP-127 (1)'!D374 -> 12.23922 | M43: 0 | N43: 0 | O43: 0 | P43: 0 | Q43: 0 | R43: 0 | S43: 0 | T43: 0 | U43: 0 | V43: 0 | W43: 0 | X43: 0 | Y43: 0 | Z43: 0 | AA43: 0 | AB43: 0 | AC43: 0 | AD43: 0 | AE43: 0 | AF43: 0 | AG43: ='EWG-CCP-127 (1)'!E374 -> 14.50387 | AH43: NMR | AI43: not known | AN43: =SUM(G43:AF43) -> 100 | AO43: =(L43+M43+O43+X43)/100 -> 0.1223922 | AP43: =G43/100 -> 0 | AQ43: =H43/100 -> 0.8776078 | AR43: =Q43/100 -> 0 | AS43: =AG43/100 -> 0.1450387 | AU43: =AR43/(AQ43+AP43) -> 0 | AV43: =AO43/(AP43+AQ43) -> 0.13946116 | AW43: =0.5+AU43/16 -> 0.5 | AX43: =0.5+AU43/4 -> 0.5 | AY43: =IF(AV43<=AW43,AV43,IF(AV43<=AX43,AW43,AW43-(AV43-AX43)*(8+AU43)/(12*(2+AU43)))) -> 0.13946116 | AZ43: =IF(AY43<1,AY43,1) -> 0.13946116 | BA43: =ABS(AZ43-AS43) -> 0.0055775421 | BC43: =(Q43)/($BM$3*H43+$BM$4*G43+$BM$5*P43+$BM$6*K43+$BM$7*S43+$BM$8*U43+$BM$9*Y43) -> 0 | BD43: =(O43+$BM$11*M43+$BM$12*L43+$BM$13*X43+$BM$14*AD43+$BM$15*I43+$BM$16*N43+$BM$17*AB43+$BM$18*V43+$BM$19*T43+$BM$20*AA43+$BM$21*Z43+$BM$22*AF43+$BM$23*W43)/($BM$3*$H43+$BM$4*$G43+$BM$5*$P43+$BM$6*$K43+$BM$7*$S43+$BM$8*$U43+$BM$9*$Y43) -> 0.13946116 | BE43: =$BM$25+BC43*$BM$26 -> 0.5898248 | BF43: =$BM$27+BC43*$BM$28 -> 0.095973821 | BG43: =IF(BD43<=BE43,BD43,IF(BD43<=BF43,BE43,BE43-(BD43-BF43)*(8+BC43)/(12*(2+BC43)))) -> 0.13946116 | BH43: =IF(BG43<1,IF(BG43>0,BG43,0),1) -> 0.13946116 | BI43: =(BH43-AS43)^2 -> 3.1108975e-05 | BJ43: =(AS43-AVERAGE($AS$2:$AS$647))^2 -> 0.068557177
A44: 188 | B44: 468 | C44: 16 | D44: 1 | E44: =I44+L44+M44+N44+O44+V44+X44+AB44+AD44 -> 20 | F44: =Q44/(H44+P44+Q44+AC44) -> 0.125 | G44: 0 | H44: 70 | I44: 0 | J44: 0 | K44: 0 | L44: 0 | M44: 0 | N44: 0 | O44: 20 | P44: 0 | Q44: 10 | R44: 0 | S44: 0 | T44: 0 | U44: 0 | V44: 0 | W44: 0 | X44: 0 | Y44: 0 | Z44: 0 | AA44: 0 | AB44: 0 | AC44: 0 | AD44: 0 | AE44: 0 | AF44: 0 | AG44: 28 | AH44: NMR | AI44: Water quench | AN44: =SUM(G44:AF44) -> 100 | AO44: =(L44+M44+O44+X44)/100 -> 0.2 | AP44: =G44/100 -> 0 | AQ44: =H44/100 -> 0.7 | AR44: =Q44/100 -> 0.1 | AS44: =AG44/100 -> 0.28 | AU44: =AR44/(AQ44+AP44) -> 0.14285714 | AV44: =AO44/(AP44+AQ44) -> 0.28571429 | AW44: =0.5+AU44/16 -> 0.50892857 | AX44: =0.5+AU44/4 -> 0.53571429 | AY44: =IF(AV44<=AW44,AV44,IF(AV44<=AX44,AW44,AW44-(AV44-AX44)*(8+AU44)/(12*(2+AU44)))) -> 0.28571429 | AZ44: =IF(AY44<1,AY44,1) -> 0.28571429 | BA44: =ABS(AZ44-AS44) -> 0.0057142857 | BC44: =(Q44)/($BM$3*H44+$BM$4*G44+$BM$5*P44+$BM$6*K44+$BM$7*S44+$BM$8*U44+$BM$9*Y44) -> 0.14285714 | BD44: =(O44+$BM$11*M44+$BM$12*L44+$BM$13*X44+$BM$14*AD44+$BM$15*I44+$BM$16*N44+$BM$17*AB44+$BM$18*V44+$BM$19*T44+$BM$20*AA44+$BM$21*Z44+$BM$22*AF44+$BM$23*W44)/($BM$3*$H44+$BM$4*$G44+$BM$5*$P44+$BM$6*$K44+$BM$7*$S44+$BM$8*$U44+$BM$9*$Y44) -> 0.28571429 | BE44: =$BM$25+BC44*$BM$26 -> 0.59252615 | BF44: =$BM$27+BC44*$BM$28 -> 0.16773229 | BG44: =IF(BD44<=BE44,BD44,IF(BD44<=BF44,BE44,BE44-(BD44-BF44)*(8+BC44)/(12*(2+BC44)))) -> 0.28571429 | BH44: =IF(BG44<1,IF(BG44>0,BG44,0),1) -> 0.28571429 | BI44: =(BH44-AS44)^2 -> 3.2653061e-05 | BJ44: =(AS44-AVERAGE($AS$2:$AS$647))^2 -> 0.016096747
A45: 134 | B45: 457 | C45: Li10 | D45: 1 | E45: =I45+L45+M45+N45+O45+V45+X45+AB45+AD45 -> 9.6 | F45: =Q45/(H45+P45+Q45+AC45) -> 0 | G45: 0 | H45: 90.4 | I45: 0 | J45: 0 | K45: 0 | L45: 0 | M45: 9.6 | N45: 0 | O45: 0 | P45: 0 | Q45: 0 | R45: 0 | S45: 0 | T45: 0 | U45: 0 | V45: 0 | W45: 0 | X45: 0 | Y45: 0 | Z45: 0 | AA45: 0 | AB45: 0 | AC45: 0 | AD45: 0 | AE45: 0 | AF45: 0 | AG45: 11.2 | AH45: NMR | AI45: Air quench | AL45: Atm. | AN45: =SUM(G45:AF45) -> 100 | AO45: =(L45+M45+O45+X45)/100 -> 0.096 | AP45: =G45/100 -> 0 | AQ45: =H45/100 -> 0.904 | AR45: =Q45/100 -> 0 | AS45: =AG45/100 -> 0.112 | AU45: =AR45/(AQ45+AP45) -> 0 | AV45: =AO45/(AP45+AQ45) -> 0.10619469 | AW45: =0.5+AU45/16 -> 0.5 | AX45: =0.5+AU45/4 -> 0.5 | AY45: =IF(AV45<=AW45,AV45,IF(AV45<=AX45,AW45,AW45-(AV45-AX45)*(8+AU45)/(12*(2+AU45)))) -> 0.10619469 | AZ45: =IF(AY45<1,AY45,1) -> 0.10619469 | BA45: =ABS(AZ45-AS45) -> 0.0058053097 | BC45: =(Q45)/($BM$3*H45+$BM$4*G45+$BM$5*P45+$BM$6*K45+$BM$7*S45+$BM$8*U45+$BM$9*Y45) -> 0 | BD45: =(O45+$BM$11*M45+$BM$12*L45+$BM$13*X45+$BM$14*AD45+$BM$15*I45+$BM$16*N45+$BM$17*AB45+$BM$18*V45+$BM$19*T45+$BM$20*AA45+$BM$21*Z45+$BM$22*AF45+$BM$23*W45)/($BM$3*$H45+$BM$4*$G45+$BM$5*$P45+$BM$6*$K45+$BM$7*$S45+$BM$8*$U45+$BM$9*$Y45) -> 0.10619469 | BE45: =$BM$25+BC45*$BM$26 -> 0.5898248 | BF45: =$BM$27+BC45*$BM$28 -> 0.095973821 | BG45: =IF(BD45<=BE45,BD45,IF(BD45<=BF45,BE45,BE45-(BD45-BF45)*(8+BC45)/(12*(2+BC45)))) -> 0.10619469 | BH45: =IF(BG45<1,IF(BG45>0,BG45,0),1) -> 0.10619469 | BI45: =(BH45-AS45)^2 -> 3.3701621e-05 | BJ45: =(AS45-AVERAGE($AS$2:$AS$647))^2 -> 0.08695006
A46: 400 | B46: 265 | C46: LJ4 | D46: 1 | E46: =I46+L46+M46+N46+O46+V46+X46+AB46+AD46 -> 15.7 | F46: =Q46/(H46+P46+Q46+AC46) -> 0.59802713 | G46: 3.2 | H46: 32.6 | I46: 0 | J46: 0 | K46: 0 | L46: 0 | M46: 0 | N46: 0 | O46: 15.7 | P46: 0 | Q46: 48.5 | R46: 0 | S46: 0 | T46: 0 | U46: 0 | V46: 0 | W46: 0 | X46: 0 | Y46: 0 | Z46: 0 | AA46: 0 | AB46: 0 | AC46: 0 | AD46: 0 | AE46: 0 | AF46: 0 | AG46: 34 | AH46: NMR | AI46: Water quench | AN46: =SUM(G46:AF46) -> 100 | AO46: =(L46+M46+O46+X46)/100 -> 0.157 | AP46: =G46/100 -> 0.032 | AQ46: =H46/100 -> 0.326 | AR46: =Q46/100 -> 0.485 | AS46: =AG46/100 -> 0.34 | AU46: =AR46/(AQ46+AP46) -> 1.3547486 | AV46: =AO46/(AP46+AQ46) -> 0.43854749 | AW46: =0.5+AU46/16 -> 0.58467179 | AX46: =0.5+AU46/4 -> 0.83868715 | AY46: =IF(AV46<=AW46,AV46,IF(AV46<=AX46,AW46,AW46-(AV46-AX46)*(8+AU46)/(12*(2+AU46)))) -> 0.43854749 | AZ46: =IF(AY46<1,AY46,1) -> 0.43854749 | BA46: =ABS(AZ46-AS46) -> 0.098547486 | BC46: =(Q46)/($BM$3*H46+$BM$4*G46+$BM$5*P46+$BM$6*K46+$BM$7*S46+$BM$8*U46+$BM$9*Y46) -> 1.0682819 | BD46: =(O46+$BM$11*M46+$BM$12*L46+$BM$13*X46+$BM$14*AD46+$BM$15*I46+$BM$16*N46+$BM$17*AB46+$BM$18*V46+$BM$19*T46+$BM$20*AA46+$BM$21*Z46+$BM$22*AF46+$BM$23*W46)/($BM$3*$H46+$BM$4*$G46+$BM$5*$P46+$BM$6*$K46+$BM$7*$S46+$BM$8*$U46+$BM$9*$Y46) -> 0.34581498 | BE46: =$BM$25+BC46*$BM$26 -> 0.61002546 | BF46: =$BM$27+BC46*$BM$28 -> 0.63258173 | BG46: =IF(BD46<=BE46,BD46,IF(BD46<=BF46,BE46,BE46-(BD46-BF46)*(8+BC46)/(12*(2+BC46)))) -> 0.34581498 | BH46: =IF(BG46<1,IF(BG46>0,BG46,0),1) -> 0.34581498 | BI46: =(BH46-AS46)^2 -> 3.3813969e-05 | BJ46: =(AS46-AVERAGE($AS$2:$AS$647))^2 -> 0.0044719922
A47: 227 | B47: 486 | C47: ='EWG-CCP-127 (1)'!B42 -> a) | D47: 1 | E47: =I47+L47+M47+N47+O47+V47+X47+AB47+AD47 -> 9.9099099 | F47: =Q47/(H47+P47+Q47+AC47) -> 0 | G47: 0 | H47: ='EWG-CCP-127 (1)'!M42 -> 90.09009 | I47: 0 | J47: 0 | K47: 0 | L47: 0 | M47: 0 | N47: 0 | O47: ='EWG-CCP-127 (1)'!L42 -> 9.9099099 | P47: 0 | Q47: ='EWG-CCP-127 (1)'!K42 -> 0 | R47: 0 | S47: 0 | T47: 0 | U47: 0 | V47: 0 | W47: 0 | X47: 0 | Y47: 0 | Z47: 0 | AA47: 0 | AB47: 0 | AC47: 0 | AD47: 0 | AE47: 0 | AF47: 0 | AG47: ='EWG-CCP-127 (1)'!E42 -> 11.6 | AH47: NMR | AI47: Air quench | AL47: Atm | AN47: =SUM(G47:AF47) -> 100 | AO47: =(L47+M47+O47+X47)/100 -> 0.099099099 | AP47: =G47/100 -> 0 | AQ47: =H47/100 -> 0.9009009 | AR47: =Q47/100 -> 0 | AS47: =AG47/100 -> 0.116 | AU47: =AR47/(AQ47+AP47) -> 0 | AV47: =AO47/(AP47+AQ47) -> 0.11 | AW47: =0.5+AU47/16 -> 0.5 | AX47: =0.5+AU47/4 -> 0.5 | AY47: =IF(AV47<=AW47,AV47,IF(AV47<=AX47,AW47,AW47-(AV47-AX47)*(8+AU47)/(12*(2+AU47)))) -> 0.11 | AZ47: =IF(AY47<1,AY47,1) -> 0.11 | BA47: =ABS(AZ47-AS47) -> 0.006 | BC47: =(Q47)/($BM$3*H47+$BM$4*G47+$BM$5*P47+$BM$6*K47+$BM$7*S47+$BM$8*U47+$BM$9*Y47) -> 0 | BD47: =(O47+$BM$11*M47+$BM$12*L47+$BM$13*X47+$BM$14*AD47+$BM$15*I47+$BM$16*N47+$BM$17*AB47+$BM$18*V47+$BM$19*T47+$BM$20*AA47+$BM$21*Z47+$BM$22*AF47+$BM$23*W47)/($BM$3*$H47+$BM$4*$G47+$BM$5*$P47+$BM$6*$K47+$BM$7*$S47+$BM$8*$U47+$BM$9*$Y47) -> 0.11 | BE47: =$BM$25+BC47*$BM$26 -> 0.5898248 | BF47: =$BM$27+BC47*$BM$28 -> 0.095973821 | BG47: =IF(BD47<=BE47,BD47,IF(BD47<=BF47,BE47,BE47-(BD47-BF47)*(8+BC47)/(12*(2+BC47)))) -> 0.11 | BH47: =IF(BG47<1,IF(BG47>0,BG47,0),1) -> 0.11 | BI47: =(BH47-AS47)^2 -> 3.6e-05 | BJ47: =(AS47-AVERAGE($AS$2:$AS$647))^2 -> 0.084607076
A48: 135 | B48: 458 | C48: Li15 | D48: 1 | E48: =I48+L48+M48+N48+O48+V48+X48+AB48+AD48 -> 14.6 | F48: =Q48/(H48+P48+Q48+AC48) -> 0 | G48: 0 | H48: 85.4 | I48: 0 | J48: 0 | K48: 0 | L48: 0 | M48: 14.6 | N48: 0 | O48: 0 | P48: 0 | Q48: 0 | R48: 0 | S48: 0 | T48: 0 | U48: 0 | V48: 0 | W48: 0 | X48: 0 | Y48: 0 | Z48: 0 | AA48: 0 | AB48: 0 | AC48: 0 | AD48: 0 | AE48: 0 | AF48: 0 | AG48: 17.7 | AH48: NMR | AI48: Air quench | AN48: =SUM(G48:AF48) -> 100 | AO48: =(L48+M48+O48+X48)/100 -> 0.146 | AP48: =G48/100 -> 0 | AQ48: =H48/100 -> 0.854 | AR48: =Q48/100 -> 0 | AS48: =AG48/100 -> 0.177 | AU48: =AR48/(AQ48+AP48) -> 0 | AV48: =AO48/(AP48+AQ48) -> 0.17096019 | AW48: =0.5+AU48/16 -> 0.5 | AX48: =0.5+AU48/4 -> 0.5 | AY48: =IF(AV48<=AW48,AV48,IF(AV48<=AX48,AW48,AW48-(AV48-AX48)*(8+AU48)/(12*(2+AU48)))) -> 0.17096019 | AZ48: =IF(AY48<1,AY48,1) -> 0.17096019 | BA48: =ABS(AZ48-AS48) -> 0.0060398126 | BC48: =(Q48)/($BM$3*H48+$BM$4*G48+$BM$5*P48+$BM$6*K48+$BM$7*S48+$BM$8*U48+$BM$9*Y48) -> 0 | BD48: =(O48+$BM$11*M48+$BM$12*L48+$BM$13*X48+$BM$14*AD48+$BM$15*I48+$BM$16*N48+$BM$17*AB48+$BM$18*V48+$BM$19*T48+$BM$20*AA48+$BM$21*Z48+$BM$22*AF48+$BM$23*W48)/($BM$3*$H48+$BM$4*$G48+$BM$5*$P48+$BM$6*$K48+$BM$7*$S48+$BM$8*$U48+$BM$9*$Y48) -> 0.17096019 | BE48: =$BM$25+BC48*$BM$26 -> 0.5898248 | BF48: =$BM$27+BC48*$BM$28 -> 0.095973821 | BG48: =IF(BD48<=BE48,BD48,IF(BD48<=BF48,BE48,BE48-(BD48-BF48)*(8+BC48)/(12*(2+BC48)))) -> 0.17096019 | BH48: =IF(BG48<1,IF(BG48>0,BG48,0),1) -> 0.17096019 | BI48: =(BH48-AS48)^2 -> 3.6479337e-05 | BJ48: =(AS48-AVERAGE($AS$2:$AS$647))^2 -> 0.052841576
A49: 416 | B49: 389 | D49: 1 | E49: =I49+L49+M49+N49+O49+V49+X49+AB49+AD49 -> 45.454545 | F49: =Q49/(H49+P49+Q49+AC49) -> 0.66666667 | G49: 0 | H49: ='EWG-CCP-127 (1)'!M212 -> 18.181818 | I49: 0 | J49: 0 | K49: 0 | L49: 0 | M49: 0 | N49: 0 | O49: ='EWG-CCP-127 (1)'!L212 -> 45.454545 | P49: 0 | Q49: ='EWG-CCP-127 (1)'!K212 -> 36.363636 | R49: 0 | S49: 0 | T49: 0 | U49: 0 | V49: 0 | W49: 0 | X49: 0 | Y49: 0 | Z49: 0 | AA49: 0 | AB49: 0 | AC49: 0 | AD49: 0 | AE49: 0 | AF49: 0 | AG49: ='EWG-CCP-127 (1)'!E212 -> 33 | AH49: NMR | AI49: Air quench | AN49: =SUM(G49:AF49) -> 100 | AO49: =(L49+M49+O49+X49)/100 -> 0.45454545 | AP49: =G49/100 -> 0 | AQ49: =H49/100 -> 0.18181818 | AR49: =Q49/100 -> 0.36363636 | AS49: =AG49/100 -> 0.33 | AU49: =AR49/(AQ49+AP49) -> 2 | AV49: =AO49/(AP49+AQ49) -> 2.5 | AW49: =0.5+AU49/16 -> 0.625 | AX49: =0.5+AU49/4 -> 1 | AY49: =IF(AV49<=AW49,AV49,IF(AV49<=AX49,AW49,AW49-(AV49-AX49)*(8+AU49)/(12*(2+AU49)))) -> 0.3125 | AZ49: =IF(AY49<1,AY49,1) -> 0.3125 | BA49: =ABS(AZ49-AS49) -> 0.0175 | BC49: =(Q49)/($BM$3*H49+$BM$4*G49+$BM$5*P49+$BM$6*K49+$BM$7*S49+$BM$8*U49+$BM$9*Y49) -> 2 | BD49: =(O49+$BM$11*M49+$BM$12*L49+$BM$13*X49+$BM$14*AD49+$BM$15*I49+$BM$16*N49+$BM$17*AB49+$BM$18*V49+$BM$19*T49+$BM$20*AA49+$BM$21*Z49+$BM$22*AF49+$BM$23*W49)/($BM$3*$H49+$BM$4*$G49+$BM$5*$P49+$BM$6*$K49+$BM$7*$S49+$BM$8*$U49+$BM$9*$Y49) -> 2.5 | BE49: =$BM$25+BC49*$BM$26 -> 0.62764378 | BF49: =$BM$27+BC49*$BM$28 -> 1.1005923 | BG49: =IF(BD49<=BE49,BD49,IF(BD49<=BF49,BE49,BE49-(BD49-BF49)*(8+BC49)/(12*(2+BC49)))) -> 0.33610051 | BH49: =IF(BG49<1,IF(BG49>0,BG49,0),1) -> 0.33610051 | BI49: =(BH49-AS49)^2 -> 3.7216273e-05 | BJ49: =(AS49-AVERAGE($AS$2:$AS$647))^2 -> 0.0059094513
A50: 362 | B50: 238 | C50: 12 | D50: 1 | E50: =I50+L50+M50+N50+O50+V50+X50+AB50+AD50 -> 33.333333 | F50: =Q50/(H50+P50+Q50+AC50) -> 0.75 | G50: 0 | H50: ='EWG-CCP-127 (1)'!M175 -> 16.666667 | I50: 0 | J50: 0 | K50: 0 | L50: 0 | M50: 0 | N50: 0 | O50: ='EWG-CCP-127 (1)'!L175 -> 33.333333 | P50: 0 | Q50: ='EWG-CCP-127 (1)'!K175 -> 50 | R50: 0 | S50: 0 | T50: 0 | U50: 0 | V50: 0 | W50: 0 | X50: 0 | Y50: 0 | Z50: 0 | AA50: 0 | AB50: 0 | AC50: 0 | AD50: 0 | AE50: 0 | AF50: 0 | AG50: ='EWG-CCP-127 (1)'!E175 -> 58 | AH50: NMR | AI50: Air quench | AN50: =SUM(G50:AF50) -> 100 | AO50: =(L50+M50+O50+X50)/100 -> 0.33333333 | AP50: =G50/100 -> 0 | AQ50: =H50/100 -> 0.16666667 | AR50: =Q50/100 -> 0.5 | AS50: =AG50/100 -> 0.58 | AU50: =AR50/(AQ50+AP50) -> 3 | AV50: =AO50/(AP50+AQ50) -> 2 | AW50: =0.5+AU50/16 -> 0.6875 | AX50: =0.5+AU50/4 -> 1.25 | AY50: =IF(AV50<=AW50,AV50,IF(AV50<=AX50,AW50,AW50-(AV50-AX50)*(8+AU50)/(12*(2+AU50)))) -> 0.55 | AZ50: =IF(AY50<1,AY50,1) -> 0.55 | BA50: =ABS(AZ50-AS50) -> 0.03 | BC50: =(Q50)/($BM$3*H50+$BM$4*G50+$BM$5*P50+$BM$6*K50+$BM$7*S50+$BM$8*U50+$BM$9*Y50) -> 3 | BD50: =(O50+$BM$11*M50+$BM$12*L50+$BM$13*X50+$BM$14*AD50+$BM$15*I50+$BM$16*N50+$BM$17*AB50+$BM$18*V50+$BM$19*T50+$BM$20*AA50+$BM$21*Z50+$BM$22*AF50+$BM$23*W50)/($BM$3*$H50+$BM$4*$G50+$BM$5*$P50+$BM$6*$K50+$BM$7*$S50+$BM$8*$U50+$BM$9*$Y50) -> 2 | BE50: =$BM$25+BC50*$BM$26 -> 0.64655327 | BF50: =$BM$27+BC50*$BM$28 -> 1.6029016 | BG50: =IF(BD50<=BE50,BD50,IF(BD50<=BF50,BE50,BE50-(BD50-BF50)*(8+BC50)/(12*(2+BC50)))) -> 0.57375189 | BH50: =IF(BG50<1,IF(BG50>0,BG50,0),1) -> 0.57375189 | BI50: =(BH50-AS50)^2 -> 3.9038834e-05 | BJ50: =(AS50-AVERAGE($AS$2:$AS$647))^2 -> 0.029972974
A51: 173 | B51: 465 | C51: 1 | D51: 1 | E51: =I51+L51+M51+N51+O51+V51+X51+AB51+AD51 -> 1.5 | F51: =Q51/(H51+P51+Q51+AC51) -> 0.076142132 | G51: 0 | H51: 91 | I51: 0 | J51: 0 | K51: 0 | L51: 0 | M51: 0 | N51: 0 | O51: 1.5 | P51: 0 | Q51: 7.5 | R51: 0 | S51: 0 | T51: 0 | U51: 0 | V51: 0 | W51: 0 | X51: 0 | Y51: 0 | Z51: 0 | AA51: 0 | AB51: 0 | AC51: 0 | AD51: 0 | AE51: 0 | AF51: 0 | AG51: 1 | AH51: NMR | AI51: Water quench | AL51: Atm | AN51: =SUM(G51:AF51) -> 100 | AO51: =(L51+M51+O51+X51)/100 -> 0.015 | AP51: =G51/100 -> 0 | AQ51: =H51/100 -> 0.91 | AR51: =Q51/100 -> 0.075 | AS51: =AG51/100 -> 0.01 | AU51: =AR51/(AQ51+AP51) -> 0.082417582 | AV51: =AO51/(AP51+AQ51) -> 0.016483516 | AW51: =0.5+AU51/16 -> 0.5051511 | AX51: =0.5+AU51/4 -> 0.5206044 | AY51: =IF(AV51<=AW51,AV51,IF(AV51<=AX51,AW51,AW51-(AV51-AX51)*(8+AU51)/(12*(2+AU51)))) -> 0.016483516 | AZ51: =IF(AY51<1,AY51,1) -> 0.016483516 | BA51: =ABS(AZ51-AS51) -> 0.0064835165 | BC51: =(Q51)/($BM$3*H51+$BM$4*G51+$BM$5*P51+$BM$6*K51+$BM$7*S51+$BM$8*U51+$BM$9*Y51) -> 0.082417582 | BD51: =(O51+$BM$11*M51+$BM$12*L51+$BM$13*X51+$BM$14*AD51+$BM$15*I51+$BM$16*N51+$BM$17*AB51+$BM$18*V51+$BM$19*T51+$BM$20*AA51+$BM$21*Z51+$BM$22*AF51+$BM$23*W51)/($BM$3*$H51+$BM$4*$G51+$BM$5*$P51+$BM$6*$K51+$BM$7*$S51+$BM$8*$U51+$BM$9*$Y51) -> 0.016483516 | BE51: =$BM$25+BC51*$BM$26 -> 0.59138327 | BF51: =$BM$27+BC51*$BM$28 -> 0.13737294 | BG51: =IF(BD51<=BE51,BD51,IF(BD51<=BF51,BE51,BE51-(BD51-BF51)*(8+BC51)/(12*(2+BC51)))) -> 0.016483516 | BH51: =IF(BG51<1,IF(BG51>0,BG51,0),1) -> 0.016483516 | BI51: =(BH51-AS51)^2 -> 4.2035986e-05 | BJ51: =(AS51-AVERAGE($AS$2:$AS$647))^2 -> 0.15750814
A52: 272 | B52: 162 | C52: ='EWG-CCP-127 (1)'!B87 -> 32 | D52: 1 | E52: =I52+L52+M52+N52+O52+V52+X52+AB52+AD52 -> 18.367347 | F52: =Q52/(H52+P52+Q52+AC52) -> 0.75 | G52: 0 | H52: ='EWG-CCP-127 (1)'!M87 -> 20.408163 | I52: 0 | J52: 0 | K52: 0 | L52: 0 | M52: 0 | N52: 0 | O52: ='EWG-CCP-127 (1)'!L87 -> 18.367347 | P52: 0 | Q52: ='EWG-CCP-127 (1)'!K87 -> 61.22449 | R52: 0 | S52: 0 | T52: 0 | U52: 0 | V52: 0 | W52: 0 | X52: 0 | Y52: 0 | Z52: 0 | AA52: 0 | AB52: 0 | AC52: 0 | AD52: 0 | AE52: 0 | AF52: 0 | AG52: ='EWG-CCP-127 (1)'!E87 -> 64 | AH52: NMR | AI52: Air quench | AN52: =SUM(G52:AF52) -> 100 | AO52: =(L52+M52+O52+X52)/100 -> 0.18367347 | AP52: =G52/100 -> 0 | AQ52: =H52/100 -> 0.20408163 | AR52: =Q52/100 -> 0.6122449 | AS52: =AG52/100 -> 0.64 | AU52: =AR52/(AQ52+AP52) -> 3 | AV52: =AO52/(AP52+AQ52) -> 0.9 | AW52: =0.5+AU52/16 -> 0.6875 | AX52: =0.5+AU52/4 -> 1.25 | AY52: =IF(AV52<=AW52,AV52,IF(AV52<=AX52,AW52,AW52-(AV52-AX52)*(8+AU52)/(12*(2+AU52)))) -> 0.6875 | AZ52: =IF(AY52<1,AY52,1) -> 0.6875 | BA52: =ABS(AZ52-AS52) -> 0.0475 | BC52: =(Q52)/($BM$3*H52+$BM$4*G52+$BM$5*P52+$BM$6*K52+$BM$7*S52+$BM$8*U52+$BM$9*Y52) -> 3 | BD52: =(O52+$BM$11*M52+$BM$12*L52+$BM$13*X52+$BM$14*AD52+$BM$15*I52+$BM$16*N52+$BM$17*AB52+$BM$18*V52+$BM$19*T52+$BM$20*AA52+$BM$21*Z52+$BM$22*AF52+$BM$23*W52)/($BM$3*$H52+$BM$4*$G52+$BM$5*$P52+$BM$6*$K52+$BM$7*$S52+$BM$8*$U52+$BM$9*$Y52) -> 0.9 | BE52: =$BM$25+BC52*$BM$26 -> 0.64655327 | BF52: =$BM$27+BC52*$BM$28 -> 1.6029016 | BG52: =IF(BD52<=BE52,BD52,IF(BD52<=BF52,BE52,BE52-(BD52-BF52)*(8+BC52)/(12*(2+BC52)))) -> 0.64655327 | BH52: =IF(BG52<1,IF(BG52>0,BG52,0),1) -> 0.64655327 | BI52: =(BH52-AS52)^2 -> 4.2945312e-05 | BJ52: =(AS52-AVERAGE($AS$2:$AS$647))^2 -> 0.054348219
A53: 273 | B53: 163 | C53: ='EWG-CCP-127 (1)'!B88 -> 33 | D53: 1 | E53: =I53+L53+M53+N53+O53+V53+X53+AB53+AD53 -> 20 | F53: =Q53/(H53+P53+Q53+AC53) -> 0.75 | G53: 0 | H53: ='EWG-CCP-127 (1)'!M88 -> 20 | I53: 0 | J53: 0 | K53: 0 | L53: 0 | M53: 0 | N53: 0 | O53: ='EWG-CCP-127 (1)'!L88 -> 20 | P53: 0 | Q53: ='EWG-CCP-127 (1)'!K88 -> 60 | R53: 0 | S53: 0 | T53: 0 | U53: 0 | V53: 0 | W53: 0 | X53: 0 | Y53: 0 | Z53: 0 | AA53: 0 | AB53: 0 | AC53: 0 | AD53: 0 | AE53: 0 | AF53: 0 | AG53: ='EWG-CCP-127 (1)'!E88 -> 64 | AH53: NMR | AI53: Air quench | AN53: =SUM(G53:AF53) -> 100 | AO53: =(L53+M53+O53+X53)/100 -> 0.2 | AP53: =G53/100 -> 0 | AQ53: =H53/100 -> 0.2 | AR53: =Q53/100 -> 0.6 | AS53: =AG53/100 -> 0.64 | AU53: =AR53/(AQ53+AP53) -> 3 | AV53: =AO53/(AP53+AQ53) -> 1 | AW53: =0.5+AU53/16 -> 0.6875 | AX53: =0.5+AU53/4 -> 1.25 | AY53: =IF(AV53<=AW53,AV53,IF(AV53<=AX53,AW53,AW53-(AV53-AX53)*(8+AU53)/(12*(2+AU53)))) -> 0.6875 | AZ53: =IF(AY53<1,AY53,1) -> 0.6875 | BA53: =ABS(AZ53-AS53) -> 0.0475 | BC53: =(Q53)/($BM$3*H53+$BM$4*G53+$BM$5*P53+$BM$6*K53+$BM$7*S53+$BM$8*U53+$BM$9*Y53) -> 3 | BD53: =(O53+$BM$11*M53+$BM$12*L53+$BM$13*X53+$BM$14*AD53+$BM$15*I53+$BM$16*N53+$BM$17*AB53+$BM$18*V53+$BM$19*T53+$BM$20*AA53+$BM$21*Z53+$BM$22*AF53+$BM$23*W53)/($BM$3*$H53+$BM$4*$G53+$BM$5*$P53+$BM$6*$K53+$BM$7*$S53+$BM$8*$U53+$BM$9*$Y53) -> 1 | BE53: =$BM$25+BC53*$BM$26 -> 0.64655327 | BF53: =$BM$27+BC53*$BM$28 -> 1.6029016 | BG53: =IF(BD53<=BE53,BD53,IF(BD53<=BF53,BE53,BE53-(BD53-BF53)*(8+BC53)/(12*(2+BC53)))) -> 0.64655327 | BH53: =IF(BG53<1,IF(BG53>0,BG53,0),1) -> 0.64655327 | BI53: =(BH53-AS53)^2 -> 4.2945312e-05 | BJ53: =(AS53-AVERAGE($AS$2:$AS$647))^2 -> 0.054348219
A54: 361 | B54: 237 | C54: 11 | D54: 1 | E54: =I54+L54+M54+N54+O54+V54+X54+AB54+AD54 -> 27.272727 | F54: =Q54/(H54+P54+Q54+AC54) -> 0.75 | G54: 0 | H54: ='EWG-CCP-127 (1)'!M174 -> 18.181818 | I54: 0 | J54: 0 | K54: 0 | L54: 0 | M54: 0 | N54: 0 | O54: ='EWG-CCP-127 (1)'!L174 -> 27.272727 | P54: 0 | Q54: ='EWG-CCP-127 (1)'!K174 -> 54.545455 | R54: 0 | S54: 0 | T54: 0 | U54: 0 | V54: 0 | W54: 0 | X54: 0 | Y54: 0 | Z54: 0 | AA54: 0 | AB54: 0 | AC54: 0 | AD54: 0 | AE54: 0 | AF54: 0 | AG54: ='EWG-CCP-127 (1)'!E174 -> 64 | AH54: NMR | AI54: Air quench | AN54: =SUM(G54:AF54) -> 100 | AO54: =(L54+M54+O54+X54)/100 -> 0.27272727 | AP54: =G54/100 -> 0 | AQ54: =H54/100 -> 0.18181818 | AR54: =Q54/100 -> 0.54545455 | AS54: =AG54/100 -> 0.64 | AU54: =AR54/(AQ54+AP54) -> 3 | AV54: =AO54/(AP54+AQ54) -> 1.5 | AW54: =0.5+AU54/16 -> 0.6875 | AX54: =0.5+AU54/4 -> 1.25 | AY54: =IF(AV54<=AW54,AV54,IF(AV54<=AX54,AW54,AW54-(AV54-AX54)*(8+AU54)/(12*(2+AU54)))) -> 0.64166667 | AZ54: =IF(AY54<1,AY54,1) -> 0.64166667 | BA54: =ABS(AZ54-AS54) -> 0.0016666667 | BC54: =(Q54)/($BM$3*H54+$BM$4*G54+$BM$5*P54+$BM$6*K54+$BM$7*S54+$BM$8*U54+$BM$9*Y54) -> 3 | BD54: =(O54+$BM$11*M54+$BM$12*L54+$BM$13*X54+$BM$14*AD54+$BM$15*I54+$BM$16*N54+$BM$17*AB54+$BM$18*V54+$BM$19*T54+$BM$20*AA54+$BM$21*Z54+$BM$22*AF54+$BM$23*W54)/($BM$3*$H54+$BM$4*$G54+$BM$5*$P54+$BM$6*$K54+$BM$7*$S54+$BM$8*$U54+$BM$9*$Y54) -> 1.5 | BE54: =$BM$25+BC54*$BM$26 -> 0.64655327 | BF54: =$BM$27+BC54*$BM$28 -> 1.6029016 | BG54: =IF(BD54<=BE54,BD54,IF(BD54<=BF54,BE54,BE54-(BD54-BF54)*(8+BC54)/(12*(2+BC54)))) -> 0.64655327 | BH54: =IF(BG54<1,IF(BG54>0,BG54,0),1) -> 0.64655327 | BI54: =(BH54-AS54)^2 -> 4.2945312e-05 | BJ54: =(AS54-AVERAGE($AS$2:$AS$647))^2 -> 0.054348219
A55: 190 | B55: 470 | C55: 18 | D55: 1 | E55: =I55+L55+M55+N55+O55+V55+X55+AB55+AD55 -> 20 | F55: =Q55/(H55+P55+Q55+AC55) -> 0.25 | G55: 0 | H55: 60 | I55: 0 | J55: 0 | K55: 0 | L55: 0 | M55: 0 | N55: 0 | O55: 20 | P55: 0 | Q55: 20 | R55: 0 | S55: 0 | T55: 0 | U55: 0 | V55: 0 | W55: 0 | X55: 0 | Y55: 0 | Z55: 0 | AA55: 0 | AB55: 0 | AC55: 0 | AD55: 0 | AE55: 0 | AF55: 0 | AG55: 34 | AH55: NMR | AI55: Water quench | AN55: =SUM(G55:AF55) -> 100 | AO55: =(L55+M55+O55+X55)/100 -> 0.2 | AP55: =G55/100 -> 0 | AQ55: =H55/100 -> 0.6 | AR55: =Q55/100 -> 0.2 | AS55: =AG55/100 -> 0.34 | AU55: =AR55/(AQ55+AP55) -> 0.33333333 | AV55: =AO55/(AP55+AQ55) -> 0.33333333 | AW55: =0.5+AU55/16 -> 0.52083333 | AX55: =0.5+AU55/4 -> 0.58333333 | AY55: =IF(AV55<=AW55,AV55,IF(AV55<=AX55,AW55,AW55-(AV55-AX55)*(8+AU55)/(12*(2+AU55)))) -> 0.33333333 | AZ55: =IF(AY55<1,AY55,1) -> 0.33333333 | BA55: =ABS(AZ55-AS55) -> 0.0066666667 | BC55: =(Q55)/($BM$3*H55+$BM$4*G55+$BM$5*P55+$BM$6*K55+$BM$7*S55+$BM$8*U55+$BM$9*Y55) -> 0.33333333 | BD55: =(O55+$BM$11*M55+$BM$12*L55+$BM$13*X55+$BM$14*AD55+$BM$15*I55+$BM$16*N55+$BM$17*AB55+$BM$18*V55+$BM$19*T55+$BM$20*AA55+$BM$21*Z55+$BM$22*AF55+$BM$23*W55)/($BM$3*$H55+$BM$4*$G55+$BM$5*$P55+$BM$6*$K55+$BM$7*$S55+$BM$8*$U55+$BM$9*$Y55) -> 0.33333333 | BE55: =$BM$25+BC55*$BM$26 -> 0.59612796 | BF55: =$BM$27+BC55*$BM$28 -> 0.26341024 | BG55: =IF(BD55<=BE55,BD55,IF(BD55<=BF55,BE55,BE55-(BD55-BF55)*(8+BC55)/(12*(2+BC55)))) -> 0.33333333 | BH55: =IF(BG55<1,IF(BG55>0,BG55,0),1) -> 0.33333333 | BI55: =(BH55-AS55)^2 -> 4.4444444e-05 | BJ55: =(AS55-AVERAGE($AS$2:$AS$647))^2 -> 0.0044719922
A56: 257 | B56: 149 | C56: ='EWG-CCP-127 (1)'!B72 -> 17 | D56: 1 | E56: =I56+L56+M56+N56+O56+V56+X56+AB56+AD56 -> 31.034483 | F56: =Q56/(H56+P56+Q56+AC56) -> 0.5 | G56: 0 | H56: ='EWG-CCP-127 (1)'!M72 -> 34.482759 | I56: 0 | J56: 0 | K56: 0 | L56: 0 | M56: 0 | N56: 0 | O56: ='EWG-CCP-127 (1)'!L72 -> 31.034483 | P56: 0 | Q56: ='EWG-CCP-127 (1)'!K72 -> 34.482759 | R56: 0 | S56: 0 | T56: 0 | U56: 0 | V56: 0 | W56: 0 | X56: 0 | Y56: 0 | Z56: 0 | AA56: 0 | AB56: 0 | AC56: 0 | AD56: 0 | AE56: 0 | AF56: 0 | AG56: ='EWG-CCP-127 (1)'!E72 -> 54 | AH56: NMR | AI56: Air quench | AN56: =SUM(G56:AF56) -> 100 | AO56: =(L56+M56+O56+X56)/100 -> 0.31034483 | AP56: =G56/100 -> 0 | AQ56: =H56/100 -> 0.34482759 | AR56: =Q56/100 -> 0.34482759 | AS56: =AG56/100 -> 0.54 | AU56: =AR56/(AQ56+AP56) -> 1 | AV56: =AO56/(AP56+AQ56) -> 0.9 | AW56: =0.5+AU56/16 -> 0.5625 | AX56: =0.5+AU56/4 -> 0.75 | AY56: =IF(AV56<=AW56,AV56,IF(AV56<=AX56,AW56,AW56-(AV56-AX56)*(8+AU56)/(12*(2+AU56)))) -> 0.525 | AZ56: =IF(AY56<1,AY56,1) -> 0.525 | BA56: =ABS(AZ56-AS56) -> 0.015 | BC56: =(Q56)/($BM$3*H56+$BM$4*G56+$BM$5*P56+$BM$6*K56+$BM$7*S56+$BM$8*U56+$BM$9*Y56) -> 1 | BD56: =(O56+$BM$11*M56+$BM$12*L56+$BM$13*X56+$BM$14*AD56+$BM$15*I56+$BM$16*N56+$BM$17*AB56+$BM$18*V56+$BM$19*T56+$BM$20*AA56+$BM$21*Z56+$BM$22*AF56+$BM$23*W56)/($BM$3*$H56+$BM$4*$G56+$BM$5*$P56+$BM$6*$K56+$BM$7*$S56+$BM$8*$U56+$BM$9*$Y56) -> 0.9 | BE56: =$BM$25+BC56*$BM$26 -> 0.60873429 | BF56: =$BM$27+BC56*$BM$28 -> 0.59828308 | BG56: =IF(BD56<=BE56,BD56,IF(BD56<=BF56,BE56,BE56-(BD56-BF56)*(8+BC56)/(12*(2+BC56)))) -> 0.53330506 | BH56: =IF(BG56<1,IF(BG56>0,BG56,0),1) -> 0.53330506 | BI56: =(BH56-AS56)^2 -> 4.4822269e-05 | BJ56: =(AS56-AVERAGE($AS$2:$AS$647))^2 -> 0.01772281
A57: 231 | B57: 490 | C57: ='EWG-CCP-127 (1)'!B46 -> a) | D57: 1 | E57: =I57+L57+M57+N57+O57+V57+X57+AB57+AD57 -> 21.99688 | F57: =Q57/(H57+P57+Q57+AC57) -> 0 | G57: 0 | H57: ='EWG-CCP-127 (1)'!M46 -> 78.00312 | I57: 0 | J57: 0 | K57: 0 | L57: 0 | M57: 0 | N57: 0 | O57: ='EWG-CCP-127 (1)'!L46 -> 21.99688 | P57: 0 | Q57: ='EWG-CCP-127 (1)'!K46 -> 0 | R57: 0 | S57: 0 | T57: 0 | U57: 0 | V57: 0 | W57: 0 | X57: 0 | Y57: 0 | Z57: 0 | AA57: 0 | AB57: 0 | AC57: 0 | AD57: 0 | AE57: 0 | AF57: 0 | AG57: ='EWG-CCP-127 (1)'!E46 -> 27.5 | AH57: NMR | AI57: Air quench | AN57: =SUM(G57:AF57) -> 100 | AO57: =(L57+M57+O57+X57)/100 -> 0.2199688 | AP57: =G57/100 -> 0 | AQ57: =H57/100 -> 0.7800312 | AR57: =Q57/100 -> 0 | AS57: =AG57/100 -> 0.275 | AU57: =AR57/(AQ57+AP57) -> 0 | AV57: =AO57/(AP57+AQ57) -> 0.282 | AW57: =0.5+AU57/16 -> 0.5 | AX57: =0.5+AU57/4 -> 0.5 | AY57: =IF(AV57<=AW57,AV57,IF(AV57<=AX57,AW57,AW57-(AV57-AX57)*(8+AU57)/(12*(2+AU57)))) -> 0.282 | AZ57: =IF(AY57<1,AY57,1) -> 0.282 | BA57: =ABS(AZ57-AS57) -> 0.007 | BC57: =(Q57)/($BM$3*H57+$BM$4*G57+$BM$5*P57+$BM$6*K57+$BM$7*S57+$BM$8*U57+$BM$9*Y57) -> 0 | BD57: =(O57+$BM$11*M57+$BM$12*L57+$BM$13*X57+$BM$14*AD57+$BM$15*I57+$BM$16*N57+$BM$17*AB57+$BM$18*V57+$BM$19*T57+$BM$20*AA57+$BM$21*Z57+$BM$22*AF57+$BM$23*W57)/($BM$3*$H57+$BM$4*$G57+$BM$5*$P57+$BM$6*$K57+$BM$7*$S57+$BM$8*$U57+$BM$9*$Y57) -> 0.282 | BE57: =$BM$25+BC57*$BM$26 -> 0.5898248 | BF57: =$BM$27+BC57*$BM$28 -> 0.095973821 | BG57: =IF(BD57<=BE57,BD57,IF(BD57<=BF57,BE57,BE57-(BD57-BF57)*(8+BC57)/(12*(2+BC57)))) -> 0.282 | BH57: =IF(BG57<1,IF(BG57>0,BG57,0),1) -> 0.282 | BI57: =(BH57-AS57)^2 -> 4.9e-05 | BJ57: =(AS57-AVERAGE($AS$2:$AS$647))^2 -> 0.017390476
A58: 393 | B58: 261 | C58: BASN1 | D58: 1 | E58: =I58+L58+M58+N58+O58+V58+X58+AB58+AD58 -> 21.8 | F58: =Q58/(H58+P58+Q58+AC58) -> 0.5745614 | G58: 9.9 | H58: 29.1 | I58: 0 | J58: 0 | K58: 0 | L58: 0 | M58: 0 | N58: 0 | O58: 21.8 | P58: 0 | Q58: 39.3 | R58: 0 | S58: 0 | T58: 0 | U58: 0 | V58: 0 | W58: 0 | X58: 0 | Y58: 0 | Z58: 0 | AA58: 0 | AB58: 0 | AC58: 0 | AD58: 0 | AE58: 0 | AF58: 0 | AG58: 31 | AH58: NMR | AI58: Water quench | AN58: =SUM(G58:AF58) -> 100.1 | AO58: =(L58+M58+O58+X58)/100 -> 0.218 | AP58: =G58/100 -> 0.099 | AQ58: =H58/100 -> 0.291 | AR58: =Q58/100 -> 0.393 | AS58: =AG58/100 -> 0.31 | AU58: =AR58/(AQ58+AP58) -> 1.0076923 | AV58: =AO58/(AP58+AQ58) -> 0.55897436 | AW58: =0.5+AU58/16 -> 0.56298077 | AX58: =0.5+AU58/4 -> 0.75192308 | AY58: =IF(AV58<=AW58,AV58,IF(AV58<=AX58,AW58,AW58-(AV58-AX58)*(8+AU58)/(12*(2+AU58)))) -> 0.55897436 | AZ58: =IF(AY58<1,AY58,1) -> 0.55897436 | BA58: =ABS(AZ58-AS58) -> 0.24897436 | BC58: =(Q58)/($BM$3*H58+$BM$4*G58+$BM$5*P58+$BM$6*K58+$BM$7*S58+$BM$8*U58+$BM$9*Y58) -> 0.5720524 | BD58: =(O58+$BM$11*M58+$BM$12*L58+$BM$13*X58+$BM$14*AD58+$BM$15*I58+$BM$16*N58+$BM$17*AB58+$BM$18*V58+$BM$19*T58+$BM$20*AA58+$BM$21*Z58+$BM$22*AF58+$BM$23*W58)/($BM$3*$H58+$BM$4*$G58+$BM$5*$P58+$BM$6*$K58+$BM$7*$S58+$BM$8*$U58+$BM$9*$Y58) -> 0.31732169 | BE58: =$BM$25+BC58*$BM$26 -> 0.60064202 | BF58: =$BM$27+BC58*$BM$28 -> 0.38332104 | BG58: =IF(BD58<=BE58,BD58,IF(BD58<=BF58,BE58,BE58-(BD58-BF58)*(8+BC58)/(12*(2+BC58)))) -> 0.31732169 | BH58: =IF(BG58<1,IF(BG58>0,BG58,0),1) -> 0.31732169 | BI58: =(BH58-AS58)^2 -> 5.3607123e-05 | BJ58: =(AS58-AVERAGE($AS$2:$AS$647))^2 -> 0.0093843695
A59: 248 | B59: 507 | C59: ='EWG-CCP-127 (1)'!B63 -> 8 | D59: 1 | E59: =I59+L59+M59+N59+O59+V59+X59+AB59+AD59 -> 37.5 | F59: =Q59/(H59+P59+Q59+AC59) -> 0.33333333 | G59: 0 | H59: ='EWG-CCP-127 (1)'!M63 -> 41.666667 | I59: 0 | J59: 0 | K59: 0 | L59: 0 | M59: 0 | N59: 0 | O59: ='EWG-CCP-127 (1)'!L63 -> 37.5 | P59: 0 | Q59: ='EWG-CCP-127 (1)'!K63 -> 20.833333 | R59: 0 | S59: 0 | T59: 0 | U59: 0 | V59: 0 | W59: 0 | X59: 0 | Y59: 0 | Z59: 0 | AA59: 0 | AB59: 0 | AC59: 0 | AD59: 0 | AE59: 0 | AF59: 0 | AG59: ='EWG-CCP-127 (1)'!E63 -> 45 | AH59: NMR | AI59: Air quench | AN59: =SUM(G59:AF59) -> 100 | AO59: =(L59+M59+O59+X59)/100 -> 0.375 | AP59: =G59/100 -> 0 | AQ59: =H59/100 -> 0.41666667 | AR59: =Q59/100 -> 0.20833333 | AS59: =AG59/100 -> 0.45 | AU59: =AR59/(AQ59+AP59) -> 0.5 | AV59: =AO59/(AP59+AQ59) -> 0.9 | AW59: =0.5+AU59/16 -> 0.53125 | AX59: =0.5+AU59/4 -> 0.625 | AY59: =IF(AV59<=AW59,AV59,IF(AV59<=AX59,AW59,AW59-(AV59-AX59)*(8+AU59)/(12*(2+AU59)))) -> 0.45333333 | AZ59: =IF(AY59<1,AY59,1) -> 0.45333333 | BA59: =ABS(AZ59-AS59) -> 0.0033333333 | BC59: =(Q59)/($BM$3*H59+$BM$4*G59+$BM$5*P59+$BM$6*K59+$BM$7*S59+$BM$8*U59+$BM$9*Y59) -> 0.5 | BD59: =(O59+$BM$11*M59+$BM$12*L59+$BM$13*X59+$BM$14*AD59+$BM$15*I59+$BM$16*N59+$BM$17*AB59+$BM$18*V59+$BM$19*T59+$BM$20*AA59+$BM$21*Z59+$BM$22*AF59+$BM$23*W59)/($BM$3*$H59+$BM$4*$G59+$BM$5*$P59+$BM$6*$K59+$BM$7*$S59+$BM$8*$U59+$BM$9*$Y59) -> 0.9 | BE59: =$BM$25+BC59*$BM$26 -> 0.59927954 | BF59: =$BM$27+BC59*$BM$28 -> 0.34712845 | BG59: =IF(BD59<=BE59,BD59,IF(BD59<=BF59,BE59,BE59-(BD59-BF59)*(8+BC59)/(12*(2+BC59)))) -> 0.4426326 | BH59: =IF(BG59<1,IF(BG59>0,BG59,0),1) -> 0.4426326 | BI59: =(BH59-AS59)^2 -> 5.427855e-05 | BJ59: =(AS59-AVERAGE($AS$2:$AS$647))^2 -> 0.001859942
A60: 167 | B60: 103 | C60: BSNS | D60: 1 | E60: =I60+L60+M60+N60+O60+V60+X60+AB60+AD60 -> 25 | F60: =Q60/(H60+P60+Q60+AC60) -> 0.66666667 | G60: 0 | H60: 25 | I60: 0 | J60: 0 | K60: 0 | L60: 0 | M60: 0 | N60: 0 | O60: 12.5 | P60: 0 | Q60: 50 | R60: 0 | S60: 0 | T60: 0 | U60: 0 | V60: 0 | W60: 0 | X60: 0 | Y60: 0 | Z60: 0 | AA60: 0 | AB60: 12.5 | AC60: 0 | AD60: 0 | AE60: 0 | AF60: 0 | AG60: 62 | AH60: NMR | AI60: Air quench | AN60: =SUM(G60:AF60) -> 100 | AO60: =(L60+M60+O60+X60)/100 -> 0.125 | AP60: =G60/100 -> 0 | AQ60: =H60/100 -> 0.25 | AR60: =Q60/100 -> 0.5 | AS60: =AG60/100 -> 0.62 | AU60: =AR60/(AQ60+AP60) -> 2 | AV60: =AO60/(AP60+AQ60) -> 0.5 | AW60: =0.5+AU60/16 -> 0.625 | AX60: =0.5+AU60/4 -> 1 | AY60: =IF(AV60<=AW60,AV60,IF(AV60<=AX60,AW60,AW60-(AV60-AX60)*(8+AU60)/(12*(2+AU60)))) -> 0.5 | AZ60: =IF(AY60<1,AY60,1) -> 0.5 | BA60: =ABS(AZ60-AS60) -> 0.12 | BC60: =(Q60)/($BM$3*H60+$BM$4*G60+$BM$5*P60+$BM$6*K60+$BM$7*S60+$BM$8*U60+$BM$9*Y60) -> 2 | BD60: =(O60+$BM$11*M60+$BM$12*L60+$BM$13*X60+$BM$14*AD60+$BM$15*I60+$BM$16*N60+$BM$17*AB60+$BM$18*V60+$BM$19*T60+$BM$20*AA60+$BM$21*Z60+$BM$22*AF60+$BM$23*W60)/($BM$3*$H60+$BM$4*$G60+$BM$5*$P60+$BM$6*$K60+$BM$7*$S60+$BM$8*$U60+$BM$9*$Y60) -> 0.75 | BE60: =$BM$25+BC60*$BM$26 -> 0.62764378 | BF60: =$BM$27+BC60*$BM$28 -> 1.1005923 | BG60: =IF(BD60<=BE60,BD60,IF(BD60<=BF60,BE60,BE60-(BD60-BF60)*(8+BC60)/(12*(2+BC60)))) -> 0.62764378 | BH60: =IF(BG60<1,IF(BG60>0,BG60,0),1) -> 0.62764378 | BI60: =(BH60-AS60)^2 -> 5.8427325e-05 | BJ60: =(AS60-AVERAGE($AS$2:$AS$647))^2 -> 0.045423137
A61: 6 | B61: 407 | C61: S462.6(37) | D61: 1 | E61: =I61+L61+M61+N61+O61+V61+X61+AB61+AD61 -> 51.3 | F61: =Q61/(H61+P61+Q61+AC61) -> 0.1889117 | G61: 0 | H61: 36.9 | I61: 26.7 | J61: 0 | K61: 0 | L61: 0 | M61: 0 | N61: 0 | O61: 24.6 | P61: 2.6 | Q61: 9.2 | R61: 0 | S61: 0 | T61: 0 | U61: 0 | V61: 0 | W61: 0 | X61: 0 | Y61: 0 | Z61: 0 | AA61: 0 | AB61: 0 | AC61: 0 | AD61: 0 | AE61: 0 | AF61: 0 | AG61: 34 | AH61: NMR | AI61: Water quench | AN61: =SUM(G61:AF61) -> 100 | AO61: =(L61+M61+O61+X61)/100 -> 0.246 | AP61: =G61/100 -> 0 | AQ61: =H61/100 -> 0.369 | AR61: =Q61/100 -> 0.092 | AS61: =AG61/100 -> 0.34 | AU61: =AR61/(AQ61+AP61) -> 0.24932249 | AV61: =AO61/(AP61+AQ61) -> 0.66666667 | AW61: =0.5+AU61/16 -> 0.51558266 | AX61: =0.5+AU61/4 -> 0.56233062 | AY61: =IF(AV61<=AW61,AV61,IF(AV61<=AX61,AW61,AW61-(AV61-AX61)*(8+AU61)/(12*(2+AU61)))) -> 0.48369521 | AZ61: =IF(AY61<1,AY61,1) -> 0.48369521 | BA61: =ABS(AZ61-AS61) -> 0.14369521 | BC61: =(Q61)/($BM$3*H61+$BM$4*G61+$BM$5*P61+$BM$6*K61+$BM$7*S61+$BM$8*U61+$BM$9*Y61) -> 0.24932249 | BD61: =(O61+$BM$11*M61+$BM$12*L61+$BM$13*X61+$BM$14*AD61+$BM$15*I61+$BM$16*N61+$BM$17*AB61+$BM$18*V61+$BM$19*T61+$BM$20*AA61+$BM$21*Z61+$BM$22*AF61+$BM$23*W61)/($BM$3*$H61+$BM$4*$G61+$BM$5*$P61+$BM$6*$K61+$BM$7*$S61+$BM$8*$U61+$BM$9*$Y61) -> 1.0284553 | BE61: =$BM$25+BC61*$BM$26 -> 0.59453936 | BF61: =$BM$27+BC61*$BM$28 -> 0.22121082 | BG61: =IF(BD61<=BE61,BD61,IF(BD61<=BF61,BE61,BE61-(BD61-BF61)*(8+BC61)/(12*(2+BC61)))) -> 0.34782729 | BH61: =IF(BG61<1,IF(BG61>0,BG61,0),1) -> 0.34782729 | BI61: =(BH61-AS61)^2 -> 6.1266522e-05 | BJ61: =(AS61-AVERAGE($AS$2:$AS$647))^2 -> 0.0044719922
